<?xml version="1.0" encoding="UTF-8"?>

<x:Envelope
  xmlns:x="http://schemas.xmlsoap.org/soap/envelope/"
  xmlns:apa="http://apace.systems/apacewebservices/"
  xmlns:zmf="http://zieto.co.za/claim/zmf"
>
  <x:Header>
    <apa:secureToken>eb4eeb1e9e03493e2d1db0e524c7da98f0bb2a11ad991335d0ee038560704906</apa:secureToken>
  </x:Header>
  <x:Body>
    <apa:processZMF>
      <apa:ZMF2_1Request>
        <Claim xmlns="http://zieto.co.za/claim/zmf">
          <Request xmlns:zmf="http://zieto.co.za/claim/zmf">
            <zmf:Transaction>
              <zmf:VersionNumber>2.1</zmf:VersionNumber>
              <zmf:Type>CL</zmf:Type>
              <zmf:Number>24892348345</zmf:Number>
              <zmf:DestinationCode>CMPUZWA</zmf:DestinationCode>
              <zmf:SoftwareIdentifier>WCHMS</zmf:SoftwareIdentifier>
              <zmf:DateTime>20240101030400</zmf:DateTime>
              <zmf:TransactionLink>NA</zmf:TransactionLink>
              <zmf:TestClaimIndicator>Y</zmf:TestClaimIndicator>
              <zmf:CountryISOCode>ZW</zmf:CountryISOCode>
            </zmf:Transaction>
            <zmf:Provider>
              <zmf:Role>SP</zmf:Role>
              <zmf:PracticeNumber>62359</zmf:PracticeNumber>
              <zmf:PracticeName>Mimosa Mine Clinic</zmf:PracticeName>
            </zmf:Provider>
            <zmf:Member>
              <zmf:MedicalSchemeNumber>2017377891</zmf:MedicalSchemeNumber>
              <zmf:MedicalSchemeName>Cellmed Premium USD</zmf:MedicalSchemeName>
            </zmf:Member>
            <zmf:Patient>
              <zmf:DependantCode>00</zmf:DependantCode>
              <zmf:NewBornIndicator>N</zmf:NewBornIndicator>
              <zmf:Personal>
                <zmf:Surname>Sande</zmf:Surname>
                <zmf:FirstName>Tatenda</zmf:FirstName>
                <zmf:Initials>T</zmf:Initials>
                <zmf:Gender>F</zmf:Gender>
                <zmf:IDNumber>67-160217-K-70</zmf:IDNumber>
                <zmf:IDType>ID</zmf:IDType>
                <zmf:DateOfBirth>19990105</zmf:DateOfBirth>
              </zmf:Personal>
            </zmf:Patient>
            <zmf:ClaimHeader>
              <zmf:ClaimNumber>MMC11898:14</zmf:ClaimNumber>
              <zmf:ClaimDateTime>20240804063952</zmf:ClaimDateTime>
              <zmf:TotalServices>2</zmf:TotalServices>
              <zmf:TotalConsumables>2</zmf:TotalConsumables>
              <zmf:WhomToPay>P</zmf:WhomToPay>
              <zmf:InHospitalIndicator>N</zmf:InHospitalIndicator>
              <zmf:MVAIndicator>N</zmf:MVAIndicator>
              <zmf:IODIndicator>N</zmf:IODIndicator>
              <zmf:AccidentIndicator>N</zmf:AccidentIndicator>
              <zmf:EmergencyIndicator>N</zmf:EmergencyIndicator>
              <zmf:TotalValues>
                <zmf:GrossAmount>1800</zmf:GrossAmount>
                <zmf:NettAmount>0</zmf:NettAmount>
                <zmf:ReceiptAmount>0</zmf:ReceiptAmount>
                <zmf:LevyAmount>0</zmf:LevyAmount>
                <zmf:DiscountAmount>0</zmf:DiscountAmount>
                <zmf:GenericSurchargeAmount>0</zmf:GenericSurchargeAmount>
                <zmf:PatientPayAmount>0</zmf:PatientPayAmount>
                <zmf:OverChargeAmount>0</zmf:OverChargeAmount>
                <zmf:ContainerFeeAmount>0</zmf:ContainerFeeAmount>
                <zmf:DispensingFeeAmount>0</zmf:DispensingFeeAmount>
                <zmf:ProfessionalFeeAmount>0</zmf:ProfessionalFeeAmount>
                <zmf:VarianceAmount>0</zmf:VarianceAmount>
              </zmf:TotalValues>
            </zmf:ClaimHeader>
            <zmf:Service>
              <zmf:Type>T</zmf:Type>
              <zmf:Number>1</zmf:Number>
              <zmf:CodeSet>Other</zmf:CodeSet>
              <zmf:Code>02945</zmf:Code>
              <zmf:CodeDescription>Initial consultation by registered general nurse</zmf:CodeDescription>
              <zmf:ChargeableUnit>M</zmf:ChargeableUnit>
              <zmf:ChargeableQuantity>100</zmf:ChargeableQuantity>
              <zmf:SectionType>W</zmf:SectionType>
              <zmf:ServiceStartDateTime>20240804063610</zmf:ServiceStartDateTime>
              <zmf:ServiceEndDateTime>20240804063610</zmf:ServiceEndDateTime>
              <zmf:NumberOfConsumables>0</zmf:NumberOfConsumables>
              <zmf:Identifier>793450</zmf:Identifier>
              <zmf:NumberOfLaboratoryRecords>0</zmf:NumberOfLaboratoryRecords>
              <zmf:NumberOfToothRecords>0</zmf:NumberOfToothRecords>
              <zmf:NumberOfDentalLaboratoryRecords>0</zmf:NumberOfDentalLaboratoryRecords>
              <zmf:NumberOfOptometryRecords>0</zmf:NumberOfOptometryRecords>
              <zmf:WhomToPay>P</zmf:WhomToPay>
              <zmf:Diagnosis>
                <zmf:Stage>P</zmf:Stage>
                <zmf:CodeSet>ICD</zmf:CodeSet>
                <zmf:Code>K58.0</zmf:Code>
              </zmf:Diagnosis>
              <zmf:SubTotalValues>
                <zmf:GrossAmount>1400</zmf:GrossAmount>
                <zmf:NettAmount>0</zmf:NettAmount>
                <zmf:ReceiptAmount>0</zmf:ReceiptAmount>
                <zmf:LevyAmount>0</zmf:LevyAmount>
                <zmf:DiscountAmount>0</zmf:DiscountAmount>
                <zmf:GenericSurchargeAmount>0</zmf:GenericSurchargeAmount>
                <zmf:PatientPayAmount>0</zmf:PatientPayAmount>
                <zmf:OverChargeAmount>0</zmf:OverChargeAmount>
                <zmf:ContainerFeeAmount>0</zmf:ContainerFeeAmount>
                <zmf:DispensingFeeAmount>0</zmf:DispensingFeeAmount>
                <zmf:ProfessionalFeeAmount>0</zmf:ProfessionalFeeAmount>
                <zmf:VarianceAmount>0</zmf:VarianceAmount>
              </zmf:SubTotalValues>
              <zmf:TotalValues>
                <zmf:GrossAmount>1400</zmf:GrossAmount>
                <zmf:NettAmount>0</zmf:NettAmount>
                <zmf:ReceiptAmount>0</zmf:ReceiptAmount>
                <zmf:LevyAmount>0</zmf:LevyAmount>
                <zmf:DiscountAmount>0</zmf:DiscountAmount>
                <zmf:GenericSurchargeAmount>0</zmf:GenericSurchargeAmount>
                <zmf:PatientPayAmount>0</zmf:PatientPayAmount>
                <zmf:OverChargeAmount>0</zmf:OverChargeAmount>
                <zmf:ContainerFeeAmount>0</zmf:ContainerFeeAmount>
                <zmf:DispensingFeeAmount>0</zmf:DispensingFeeAmount>
                <zmf:ProfessionalFeeAmount>0</zmf:ProfessionalFeeAmount>
                <zmf:VarianceAmount>0</zmf:VarianceAmount>
              </zmf:TotalValues>
            </zmf:Service>
            <zmf:Service>
              <zmf:Type>T</zmf:Type>
              <zmf:Number>2</zmf:Number>
              <zmf:CodeSet>Other</zmf:CodeSet>
              <zmf:Code>02970</zmf:Code>
              <zmf:CodeDescription>Pharmacy Drugs</zmf:CodeDescription>
              <zmf:ChargeableUnit>U</zmf:ChargeableUnit>
              <zmf:ChargeableQuantity>100</zmf:ChargeableQuantity>
              <zmf:SectionType>D</zmf:SectionType>
              <zmf:ServiceStartDateTime>20240804063610</zmf:ServiceStartDateTime>
              <zmf:ServiceEndDateTime>20240804063610</zmf:ServiceEndDateTime>
              <zmf:NumberOfConsumables>2</zmf:NumberOfConsumables>
              <zmf:Identifier>0</zmf:Identifier>
              <zmf:NumberOfLaboratoryRecords>0</zmf:NumberOfLaboratoryRecords>
              <zmf:NumberOfToothRecords>0</zmf:NumberOfToothRecords>
              <zmf:NumberOfDentalLaboratoryRecords>0</zmf:NumberOfDentalLaboratoryRecords>
              <zmf:NumberOfOptometryRecords>0</zmf:NumberOfOptometryRecords>
              <zmf:WhomToPay>P</zmf:WhomToPay>
              <zmf:Diagnosis>
                <zmf:Stage>P</zmf:Stage>
                <zmf:CodeSet>ICD</zmf:CodeSet>
                <zmf:Code>K58.0</zmf:Code>
              </zmf:Diagnosis>
              <zmf:SubTotalValues>
                <zmf:GrossAmount>0</zmf:GrossAmount>
                <zmf:NettAmount>0</zmf:NettAmount>
                <zmf:ReceiptAmount>0</zmf:ReceiptAmount>
                <zmf:LevyAmount>0</zmf:LevyAmount>
                <zmf:DiscountAmount>0</zmf:DiscountAmount>
                <zmf:GenericSurchargeAmount>0</zmf:GenericSurchargeAmount>
                <zmf:PatientPayAmount>0</zmf:PatientPayAmount>
                <zmf:OverChargeAmount>0</zmf:OverChargeAmount>
                <zmf:ContainerFeeAmount>0</zmf:ContainerFeeAmount>
                <zmf:DispensingFeeAmount>0</zmf:DispensingFeeAmount>
                <zmf:ProfessionalFeeAmount>0</zmf:ProfessionalFeeAmount>
                <zmf:VarianceAmount>0</zmf:VarianceAmount>
              </zmf:SubTotalValues>
              <zmf:Consumable>
                <zmf:Type>L</zmf:Type>
                <zmf:Number>1</zmf:Number>
                <zmf:CodeSet>NSC</zmf:CodeSet>
                <zmf:Code>020366</zmf:Code>
                <zmf:Description>Ciprofloxacin 500mg </zmf:Description>
                <zmf:Quantity>1000</zmf:Quantity>
                <zmf:DaysSupply>1</zmf:DaysSupply>
                <zmf:SectionType>R</zmf:SectionType>
                <zmf:DispensedDate>20240804</zmf:DispensedDate>
                <zmf:WhomToPay>P</zmf:WhomToPay>
                <zmf:Identifier>793451</zmf:Identifier>
                <zmf:TotalValues>
                  <zmf:GrossAmount>300</zmf:GrossAmount>
                  <zmf:NettAmount>0</zmf:NettAmount>
                  <zmf:ReceiptAmount>0</zmf:ReceiptAmount>
                  <zmf:LevyAmount>0</zmf:LevyAmount>
                  <zmf:DiscountAmount>0</zmf:DiscountAmount>
                  <zmf:GenericSurchargeAmount>0</zmf:GenericSurchargeAmount>
                  <zmf:PatientPayAmount>0</zmf:PatientPayAmount>
                  <zmf:OverChargeAmount>0</zmf:OverChargeAmount>
                  <zmf:ContainerFeeAmount>0</zmf:ContainerFeeAmount>
                  <zmf:DispensingFeeAmount>0</zmf:DispensingFeeAmount>
                  <zmf:ProfessionalFeeAmount>0</zmf:ProfessionalFeeAmount>
                  <zmf:VarianceAmount>0</zmf:VarianceAmount>
                </zmf:TotalValues>
              </zmf:Consumable>
              <zmf:Consumable>
                <zmf:Type>L</zmf:Type>
                <zmf:Number>2</zmf:Number>
                <zmf:CodeSet>NSC</zmf:CodeSet>
                <zmf:Code>002370</zmf:Code>
                <zmf:Description>Paracetamol 500mg</zmf:Description>
                <zmf:Quantity>2000</zmf:Quantity>
                <zmf:DaysSupply>1</zmf:DaysSupply>
                <zmf:SectionType>R</zmf:SectionType>
                <zmf:DispensedDate>20240804</zmf:DispensedDate>
                <zmf:WhomToPay>P</zmf:WhomToPay>
                <zmf:Identifier>793452</zmf:Identifier>
                <zmf:TotalValues>
                  <zmf:GrossAmount>100</zmf:GrossAmount>
                  <zmf:NettAmount>0</zmf:NettAmount>
                  <zmf:ReceiptAmount>0</zmf:ReceiptAmount>
                  <zmf:LevyAmount>0</zmf:LevyAmount>
                  <zmf:DiscountAmount>0</zmf:DiscountAmount>
                  <zmf:GenericSurchargeAmount>0</zmf:GenericSurchargeAmount>
                  <zmf:PatientPayAmount>0</zmf:PatientPayAmount>
                  <zmf:OverChargeAmount>0</zmf:OverChargeAmount>
                  <zmf:ContainerFeeAmount>0</zmf:ContainerFeeAmount>
                  <zmf:DispensingFeeAmount>0</zmf:DispensingFeeAmount>
                  <zmf:ProfessionalFeeAmount>0</zmf:ProfessionalFeeAmount>
                  <zmf:VarianceAmount>0</zmf:VarianceAmount>
                </zmf:TotalValues>
              </zmf:Consumable>
              <zmf:TotalValues>
                <zmf:GrossAmount>400</zmf:GrossAmount>
                <zmf:NettAmount>0</zmf:NettAmount>
                <zmf:ReceiptAmount>0</zmf:ReceiptAmount>
                <zmf:LevyAmount>0</zmf:LevyAmount>
                <zmf:DiscountAmount>0</zmf:DiscountAmount>
                <zmf:GenericSurchargeAmount>0</zmf:GenericSurchargeAmount>
                <zmf:PatientPayAmount>0</zmf:PatientPayAmount>
                <zmf:OverChargeAmount>0</zmf:OverChargeAmount>
                <zmf:ContainerFeeAmount>0</zmf:ContainerFeeAmount>
                <zmf:DispensingFeeAmount>0</zmf:DispensingFeeAmount>
                <zmf:ProfessionalFeeAmount>0</zmf:ProfessionalFeeAmount>
                <zmf:VarianceAmount>0</zmf:VarianceAmount>
              </zmf:TotalValues>
            </zmf:Service>
          </Request>
        </Claim>
      </apa:ZMF2_1Request>
    </apa:processZMF>
  </x:Body>
</x:Envelope>
