<x:Envelope xmlns:x="http://schemas.xmlsoap.org/soap/envelope/" xmlns:apa="http://apace.systems/apacewebservices/"
            xmlns:zmf="http://zieto.co.za/claim/zmf">
  <x:Header>
    <apa:secureToken>eb4eeb1e9e03493e2d1db0e524c7da98f0bb2a11ad991335d0ee038560704906</apa:secureToken>
  </x:Header>
  <x:Body>
    <apa:processZMF>
      <apa:ZMF2_1Request>
        <zmf:Claim>
          <zmf:Request>

            <zmf:Transaction>
              <zmf:VersionNumber>2.1</zmf:VersionNumber>
              <zmf:Type>CL</zmf:Type>
              <zmf:Number>24892348345</zmf:Number>
              <zmf:DestinationCode>CIMUZWA</zmf:DestinationCode>
              <zmf:SoftwareIdentifier>WCHMS</zmf:SoftwareIdentifier>
              <zmf:DateTime>20240823074718</zmf:DateTime>
              <zmf:TransactionLink>NA</zmf:TransactionLink>
              <zmf:TestClaimIndicator>Y</zmf:TestClaimIndicator>
              <zmf:CountryISOCode>ZW</zmf:CountryISOCode>
            </zmf:Transaction>


            <zmf:Provider>
              <zmf:Role>SP</zmf:Role>
              <zmf:PracticeNumber>50032</zmf:PracticeNumber>
              <zmf:PracticeName>Avenues Clinic</zmf:PracticeName>
            </zmf:Provider>


            <zmf:Member>
              <zmf:MedicalSchemeNumber>11476422</zmf:MedicalSchemeNumber>
              <zmf:MedicalSchemeName>CIMUZW</zmf:MedicalSchemeName>
            </zmf:Member>


            <zmf:Patient>
              <zmf:DependantCode>00</zmf:DependantCode>
              <zmf:NewBornIndicator>N</zmf:NewBornIndicator>

              <zmf:Personal>
                <zmf:Title>MRS</zmf:Title>
                <zmf:Surname>EILAND</zmf:Surname>
                <zmf:FirstName>BRENDA</zmf:FirstName>
                <zmf:Initials>B</zmf:Initials>
                <zmf:Gender>F</zmf:Gender>
                <zmf:DateOfBirth>19600211</zmf:DateOfBirth>
              </zmf:Personal>


            </zmf:Patient>


            <zmf:ClaimHeader>
              <zmf:ClaimNumber>CLC0002022</zmf:ClaimNumber>
              <zmf:ClaimDateTime>20240823074718</zmf:ClaimDateTime>
              <zmf:TotalServices>2</zmf:TotalServices>
              <zmf:TotalConsumables>1</zmf:TotalConsumables>
              <zmf:WhomToPay>P</zmf:WhomToPay>
              <zmf:InHospitalIndicator>N</zmf:InHospitalIndicator>
              <zmf:MVAIndicator>N</zmf:MVAIndicator>
              <zmf:IODIndicator>N</zmf:IODIndicator>
              <zmf:AccidentIndicator>N</zmf:AccidentIndicator>
              <zmf:EmergencyIndicator>N</zmf:EmergencyIndicator>
              <zmf:DateOfAccident>20240331000300</zmf:DateOfAccident>
              <zmf:WCANo>NA</zmf:WCANo>
              <zmf:BatchNumber>NA</zmf:BatchNumber>
              <zmf:BatchDateTime>20240823074718</zmf:BatchDateTime>

              <zmf:Authorisation>
                <zmf:PreAuthorisationNumber>BIOBYPASS</zmf:PreAuthorisationNumber>
                <zmf:AuthorisationNumber>WRKFW</zmf:AuthorisationNumber>
                <zmf:AuthorisationDate>20211208</zmf:AuthorisationDate>
              </zmf:Authorisation>


              <zmf:TotalValues>
                <zmf:GrossAmount>35300</zmf:GrossAmount>
                <zmf:NettAmount>35300</zmf:NettAmount>
                <zmf:ReceiptAmount>0</zmf:ReceiptAmount>
                <zmf:LevyAmount>0</zmf:LevyAmount>
                <zmf:DiscountAmount>0</zmf:DiscountAmount>
                <zmf:GenericSurchargeAmount>0</zmf:GenericSurchargeAmount>
                <zmf:PatientPayAmount>0</zmf:PatientPayAmount>
                <zmf:OverChargeAmount>0</zmf:OverChargeAmount>
                <zmf:ContainerFeeAmount>0</zmf:ContainerFeeAmount>
                <zmf:DispensingFeeAmount>0</zmf:DispensingFeeAmount>
                <zmf:ProfessionalFeeAmount>0</zmf:ProfessionalFeeAmount>
                <zmf:VarianceAmount>0</zmf:VarianceAmount>
              </zmf:TotalValues>

            </zmf:ClaimHeader>


            <zmf:Service>
              <zmf:Type>T</zmf:Type>
              <zmf:Number>1</zmf:Number>
              <zmf:CodeSet>Other</zmf:CodeSet>
              <zmf:Code>02561</zmf:Code>
              <zmf:CodeDescription>Ward Sundries</zmf:CodeDescription>
              <zmf:ChargeableUnit>U</zmf:ChargeableUnit>
              <zmf:ChargeableQuantity>100</zmf:ChargeableQuantity>
              <zmf:SectionType>D</zmf:SectionType>
              <zmf:ServiceStartDateTime>20240810100000</zmf:ServiceStartDateTime>
              <zmf:ServiceEndDateTime>20240815100000</zmf:ServiceEndDateTime>
              <zmf:NumberOfConsumables>1</zmf:NumberOfConsumables>
              <zmf:Identifier>0</zmf:Identifier>
              <zmf:NumberOfLaboratoryRecords>0</zmf:NumberOfLaboratoryRecords>
              <zmf:NumberOfToothRecords>0</zmf:NumberOfToothRecords>
              <zmf:NumberOfDentalLaboratoryRecords>0</zmf:NumberOfDentalLaboratoryRecords>
              <zmf:NumberOfOptometryRecords>0</zmf:NumberOfOptometryRecords>
              <zmf:WhomToPay>P</zmf:WhomToPay>
              <zmf:Diagnosis>
                <zmf:Stage>P</zmf:Stage>
                <zmf:CodeSet>ICD</zmf:CodeSet>
                <zmf:Code>A00.0</zmf:Code>
              </zmf:Diagnosis>
              <zmf:SubTotalValues>
                <zmf:GrossAmount>300</zmf:GrossAmount>
                <zmf:NettAmount>300</zmf:NettAmount>
                <zmf:ReceiptAmount>0</zmf:ReceiptAmount>
                <zmf:LevyAmount>0</zmf:LevyAmount>
                <zmf:DiscountAmount>0</zmf:DiscountAmount>
                <zmf:GenericSurchargeAmount>0</zmf:GenericSurchargeAmount>
                <zmf:PatientPayAmount>0</zmf:PatientPayAmount>
                <zmf:OverChargeAmount>0</zmf:OverChargeAmount>
                <zmf:ContainerFeeAmount>0</zmf:ContainerFeeAmount>
                <zmf:DispensingFeeAmount>0</zmf:DispensingFeeAmount>
                <zmf:ProfessionalFeeAmount>0</zmf:ProfessionalFeeAmount>
                <zmf:VarianceAmount>0</zmf:VarianceAmount>
              </zmf:SubTotalValues>
              <zmf:Consumable>
                <zmf:Type>L</zmf:Type>
                <zmf:Number>1</zmf:Number>
                <zmf:CodeSet>NSC</zmf:CodeSet>
                <zmf:Code>610340</zmf:Code>
                <zmf:Description>ZINC OXIDE 50MM</zmf:Description>
                <zmf:Quantity>100</zmf:Quantity>
                <zmf:DaysSupply>1</zmf:DaysSupply>
                <zmf:SectionType>R</zmf:SectionType>
                <zmf:DispensedDate>20240810</zmf:DispensedDate>
                <zmf:WhomToPay>P</zmf:WhomToPay>
                <zmf:Identifier>793450</zmf:Identifier>
                <zmf:TotalValues>
                  <zmf:GrossAmount>300</zmf:GrossAmount>
                  <zmf:NettAmount>300</zmf:NettAmount>
                  <zmf:ReceiptAmount>0</zmf:ReceiptAmount>
                  <zmf:LevyAmount>0</zmf:LevyAmount>
                  <zmf:DiscountAmount>0</zmf:DiscountAmount>
                  <zmf:GenericSurchargeAmount>0</zmf:GenericSurchargeAmount>
                  <zmf:PatientPayAmount>0</zmf:PatientPayAmount>
                  <zmf:OverChargeAmount>0</zmf:OverChargeAmount>
                  <zmf:ContainerFeeAmount>0</zmf:ContainerFeeAmount>
                  <zmf:DispensingFeeAmount>0</zmf:DispensingFeeAmount>
                  <zmf:ProfessionalFeeAmount>0</zmf:ProfessionalFeeAmount>
                  <zmf:VarianceAmount>0</zmf:VarianceAmount>
                </zmf:TotalValues>
              </zmf:Consumable>
              <zmf:TotalValues>
                <zmf:GrossAmount>300</zmf:GrossAmount>
                <zmf:NettAmount>300</zmf:NettAmount>
                <zmf:ReceiptAmount>0</zmf:ReceiptAmount>
                <zmf:LevyAmount>0</zmf:LevyAmount>
                <zmf:DiscountAmount>0</zmf:DiscountAmount>
                <zmf:GenericSurchargeAmount>0</zmf:GenericSurchargeAmount>
                <zmf:PatientPayAmount>0</zmf:PatientPayAmount>
                <zmf:OverChargeAmount>0</zmf:OverChargeAmount>
                <zmf:ContainerFeeAmount>0</zmf:ContainerFeeAmount>
                <zmf:DispensingFeeAmount>0</zmf:DispensingFeeAmount>
                <zmf:ProfessionalFeeAmount>0</zmf:ProfessionalFeeAmount>
                <zmf:VarianceAmount>0</zmf:VarianceAmount>
              </zmf:TotalValues>
            </zmf:Service>


            <zmf:Service>
              <zmf:Type>T</zmf:Type>
              <zmf:Number>2</zmf:Number>
              <zmf:CodeSet>Other</zmf:CodeSet>
              <zmf:Code>02151</zmf:Code>
              <zmf:CodeDescription>ICU per day</zmf:CodeDescription>
              <zmf:ChargeableUnit>U</zmf:ChargeableUnit>
              <zmf:ChargeableQuantity>100</zmf:ChargeableQuantity>
              <zmf:SectionType>D</zmf:SectionType>
              <zmf:ServiceStartDateTime>20240810100000</zmf:ServiceStartDateTime>
              <zmf:ServiceEndDateTime>20240815100000</zmf:ServiceEndDateTime>
              <zmf:NumberOfConsumables>0</zmf:NumberOfConsumables>
              <zmf:Identifier>0</zmf:Identifier>
              <zmf:NumberOfLaboratoryRecords>0</zmf:NumberOfLaboratoryRecords>
              <zmf:NumberOfToothRecords>0</zmf:NumberOfToothRecords>
              <zmf:NumberOfDentalLaboratoryRecords>0</zmf:NumberOfDentalLaboratoryRecords>
              <zmf:NumberOfOptometryRecords>0</zmf:NumberOfOptometryRecords>
              <zmf:WhomToPay>P</zmf:WhomToPay>
              <zmf:Diagnosis>
                <zmf:Stage>P</zmf:Stage>
                <zmf:CodeSet>ICD</zmf:CodeSet>
                <zmf:Code>A00.0</zmf:Code>
              </zmf:Diagnosis>
              <zmf:SubTotalValues>
                <zmf:GrossAmount>35000</zmf:GrossAmount>
                <zmf:NettAmount>35000</zmf:NettAmount>
                <zmf:ReceiptAmount>0</zmf:ReceiptAmount>
                <zmf:LevyAmount>0</zmf:LevyAmount>
                <zmf:DiscountAmount>0</zmf:DiscountAmount>
                <zmf:GenericSurchargeAmount>0</zmf:GenericSurchargeAmount>
                <zmf:PatientPayAmount>0</zmf:PatientPayAmount>
                <zmf:OverChargeAmount>0</zmf:OverChargeAmount>
                <zmf:ContainerFeeAmount>0</zmf:ContainerFeeAmount>
                <zmf:DispensingFeeAmount>0</zmf:DispensingFeeAmount>
                <zmf:ProfessionalFeeAmount>0</zmf:ProfessionalFeeAmount>
                <zmf:VarianceAmount>0</zmf:VarianceAmount>
              </zmf:SubTotalValues>
              <zmf:TotalValues>
                <zmf:GrossAmount>35000</zmf:GrossAmount>
                <zmf:NettAmount>35000</zmf:NettAmount>
                <zmf:ReceiptAmount>0</zmf:ReceiptAmount>
                <zmf:LevyAmount>0</zmf:LevyAmount>
                <zmf:DiscountAmount>0</zmf:DiscountAmount>
                <zmf:GenericSurchargeAmount>0</zmf:GenericSurchargeAmount>
                <zmf:PatientPayAmount>0</zmf:PatientPayAmount>
                <zmf:OverChargeAmount>0</zmf:OverChargeAmount>
                <zmf:ContainerFeeAmount>0</zmf:ContainerFeeAmount>
                <zmf:DispensingFeeAmount>0</zmf:DispensingFeeAmount>
                <zmf:ProfessionalFeeAmount>0</zmf:ProfessionalFeeAmount>
                <zmf:VarianceAmount>0</zmf:VarianceAmount>
              </zmf:TotalValues>
            </zmf:Service>

          </zmf:Request>
        </zmf:Claim>
      </apa:ZMF2_1Request>
    </apa:processZMF>
  </x:Body>
</x:Envelope>
