<soap:Envelope xmlns:soap="http://schemas.xmlsoap.org/soap/envelope/">
  <SOAP-ENV:Header xmlns:SOAP-ENV="http://schemas.xmlsoap.org/soap/envelope/"/>
  <soap:Body>
    <ns2:processZMFResponse xmlns:ns2="http://apace.systems/apacewebservices/" xmlns:ns3="http://zieto.co.za/claim/zmf">
      <ns2:ZMF2_1Response>
        <ns3:Claim>
          <ns3:Response>
            <ns3:TransactionResponse>
              <ns3:Type>CR</ns3:Type>
              <ns3:Number>09162024091439</ns3:Number>
              <ns3:DateTime>20240916111530</ns3:DateTime>
            </ns3:TransactionResponse>
            <ns3:Member>
              <ns3:MedicalSchemeNumber>11477635</ns3:MedicalSchemeNumber>
              <ns3:MedicalSchemeName>CIMUZW</ns3:MedicalSchemeName>
            </ns3:Member>
            <ns3:Patient>
              <ns3:DependantCode>00</ns3:DependantCode>
              <ns3:NewBornIndicator>N</ns3:NewBornIndicator>
              <ns3:Personal>
                <ns3:Title>MS</ns3:Title>
                <ns3:Surname>NIGHT</ns3:Surname>
                <ns3:FirstName>LOQUAT SPRINKLER</ns3:FirstName>
                <ns3:Initials>L</ns3:Initials>
                <ns3:Gender>F</ns3:Gender>
                <ns3:DateOfBirth>19930918</ns3:DateOfBirth>
              </ns3:Personal>
            </ns3:Patient>
            <ns3:ClaimHeaderResponse>
              <ns3:ResponseCode>D</ns3:ResponseCode>
              <ns3:Message>
                <ns3:Type>I</ns3:Type>
                <ns3:Code>98</ns3:Code>
                <ns3:Description>Transaction received in test environment</ns3:Description>
              </ns3:Message>
              <ns3:Message>
                <ns3:Type>I</ns3:Type>
                <ns3:Code>130</ns3:Code>
                <ns3:Description>Biometric matched to beneficiary</ns3:Description>
              </ns3:Message>
              <ns3:TotalValues>
                <ns3:GrossAmount>398706</ns3:GrossAmount>
                <ns3:NettAmount>0</ns3:NettAmount>
                <ns3:LevyAmount>0</ns3:LevyAmount>
                <ns3:PatientPayAmount>0</ns3:PatientPayAmount>
              </ns3:TotalValues>
            </ns3:ClaimHeaderResponse>
            <ns3:ServiceResponse>
              <ns3:Number>1</ns3:Number>
              <ns3:Identifier>2561</ns3:Identifier>
              <ns3:SubTotalValues>
                <ns3:GrossAmount>0</ns3:GrossAmount>
                <ns3:NettAmount>0</ns3:NettAmount>
                <ns3:PatientPayAmount>0</ns3:PatientPayAmount>
              </ns3:SubTotalValues>
              <ns3:ConsumableResponse>
                <ns3:Number>1</ns3:Number>
                <ns3:CodeSet>NSC</ns3:CodeSet>
                <ns3:Code>35149</ns3:Code>
                <ns3:Quantity>0</ns3:Quantity>
                <ns3:BenefitCode>UNK</ns3:BenefitCode>
                <ns3:ReferenceNumber>12028563</ns3:ReferenceNumber>
                <ns3:AuthorisationNumber>19512161</ns3:AuthorisationNumber>
                <ns3:WhomToPay>P</ns3:WhomToPay>
                <ns3:Identifier>793450</ns3:Identifier>
                <ns3:Message>
                  <ns3:Type>W</ns3:Type>
                  <ns3:Code>3002</ns3:Code>
                  <ns3:Description>CLAIM UNDER REVIEW</ns3:Description>
                </ns3:Message>
                <ns3:TotalValues>
                  <ns3:GrossAmount>464</ns3:GrossAmount>
                  <ns3:NettAmount>0</ns3:NettAmount>
                  <ns3:LevyAmount>0</ns3:LevyAmount>
                  <ns3:PatientPayAmount>0</ns3:PatientPayAmount>
                </ns3:TotalValues>
              </ns3:ConsumableResponse>
              <ns3:TotalValues>
                <ns3:GrossAmount>464</ns3:GrossAmount>
                <ns3:NettAmount>0</ns3:NettAmount>
                <ns3:LevyAmount>0</ns3:LevyAmount>
                <ns3:PatientPayAmount>0</ns3:PatientPayAmount>
              </ns3:TotalValues>
            </ns3:ServiceResponse>
            <ns3:ServiceResponse>
              <ns3:Number>2</ns3:Number>
              <ns3:Identifier>2551</ns3:Identifier>
              <ns3:SubTotalValues>
                <ns3:GrossAmount>0</ns3:GrossAmount>
                <ns3:NettAmount>0</ns3:NettAmount>
                <ns3:PatientPayAmount>0</ns3:PatientPayAmount>
              </ns3:SubTotalValues>
              <ns3:ConsumableResponse>
                <ns3:Number>1</ns3:Number>
                <ns3:CodeSet>NSC</ns3:CodeSet>
                <ns3:Code>21641</ns3:Code>
                <ns3:Quantity>0</ns3:Quantity>
                <ns3:BenefitCode>UNK</ns3:BenefitCode>
                <ns3:ReferenceNumber>12028564</ns3:ReferenceNumber>
                <ns3:AuthorisationNumber>19512162</ns3:AuthorisationNumber>
                <ns3:WhomToPay>P</ns3:WhomToPay>
                <ns3:Identifier>793450</ns3:Identifier>
                <ns3:Message>
                  <ns3:Type>W</ns3:Type>
                  <ns3:Code>3002</ns3:Code>
                  <ns3:Description>CLAIM UNDER REVIEW</ns3:Description>
                </ns3:Message>
                <ns3:TotalValues>
                  <ns3:GrossAmount>48</ns3:GrossAmount>
                  <ns3:NettAmount>0</ns3:NettAmount>
                  <ns3:LevyAmount>0</ns3:LevyAmount>
                  <ns3:PatientPayAmount>0</ns3:PatientPayAmount>
                </ns3:TotalValues>
              </ns3:ConsumableResponse>
              <ns3:ConsumableResponse>
                <ns3:Number>2</ns3:Number>
                <ns3:CodeSet>NSC</ns3:CodeSet>
                <ns3:Code>26197</ns3:Code>
                <ns3:Quantity>0</ns3:Quantity>
                <ns3:BenefitCode>UNK</ns3:BenefitCode>
                <ns3:ReferenceNumber>12028565</ns3:ReferenceNumber>
                <ns3:AuthorisationNumber>19512163</ns3:AuthorisationNumber>
                <ns3:WhomToPay>P</ns3:WhomToPay>
                <ns3:Identifier>793450</ns3:Identifier>
                <ns3:Message>
                  <ns3:Type>W</ns3:Type>
                  <ns3:Code>3002</ns3:Code>
                  <ns3:Description>CLAIM UNDER REVIEW</ns3:Description>
                </ns3:Message>
                <ns3:TotalValues>
                  <ns3:GrossAmount>216000</ns3:GrossAmount>
                  <ns3:NettAmount>0</ns3:NettAmount>
                  <ns3:LevyAmount>0</ns3:LevyAmount>
                  <ns3:PatientPayAmount>0</ns3:PatientPayAmount>
                </ns3:TotalValues>
              </ns3:ConsumableResponse>
              <ns3:TotalValues>
                <ns3:GrossAmount>216048</ns3:GrossAmount>
                <ns3:NettAmount>0</ns3:NettAmount>
                <ns3:LevyAmount>0</ns3:LevyAmount>
                <ns3:PatientPayAmount>0</ns3:PatientPayAmount>
              </ns3:TotalValues>
            </ns3:ServiceResponse>
            <ns3:ServiceResponse>
              <ns3:Number>3</ns3:Number>
              <ns3:BenefitCode>UNK</ns3:BenefitCode>
              <ns3:Identifier>2120</ns3:Identifier>
              <ns3:SubTotalValues>
                <ns3:GrossAmount>6510</ns3:GrossAmount>
                <ns3:NettAmount>0</ns3:NettAmount>
                <ns3:LevyAmount>0</ns3:LevyAmount>
                <ns3:PatientPayAmount>0</ns3:PatientPayAmount>
              </ns3:SubTotalValues>
              <ns3:Message>
                <ns3:Type>W</ns3:Type>
                <ns3:Code>3002</ns3:Code>
                <ns3:Description>CLAIM UNDER REVIEW</ns3:Description>
              </ns3:Message>
              <ns3:TotalValues>
                <ns3:GrossAmount>6510</ns3:GrossAmount>
                <ns3:NettAmount>0</ns3:NettAmount>
                <ns3:LevyAmount>0</ns3:LevyAmount>
                <ns3:PatientPayAmount>0</ns3:PatientPayAmount>
              </ns3:TotalValues>
            </ns3:ServiceResponse>
            <ns3:ServiceResponse>
              <ns3:Number>4</ns3:Number>
              <ns3:BenefitCode>UNK</ns3:BenefitCode>
              <ns3:Identifier>2121</ns3:Identifier>
              <ns3:SubTotalValues>
                <ns3:GrossAmount>3022</ns3:GrossAmount>
                <ns3:NettAmount>0</ns3:NettAmount>
                <ns3:LevyAmount>0</ns3:LevyAmount>
                <ns3:PatientPayAmount>0</ns3:PatientPayAmount>
              </ns3:SubTotalValues>
              <ns3:Message>
                <ns3:Type>W</ns3:Type>
                <ns3:Code>3002</ns3:Code>
                <ns3:Description>CLAIM UNDER REVIEW</ns3:Description>
              </ns3:Message>
              <ns3:TotalValues>
                <ns3:GrossAmount>3022</ns3:GrossAmount>
                <ns3:NettAmount>0</ns3:NettAmount>
                <ns3:LevyAmount>0</ns3:LevyAmount>
                <ns3:PatientPayAmount>0</ns3:PatientPayAmount>
              </ns3:TotalValues>
            </ns3:ServiceResponse>
            <ns3:ServiceResponse>
              <ns3:Number>5</ns3:Number>
              <ns3:BenefitCode>UNK</ns3:BenefitCode>
              <ns3:Identifier>2151</ns3:Identifier>
              <ns3:SubTotalValues>
                <ns3:GrossAmount>105000</ns3:GrossAmount>
                <ns3:NettAmount>0</ns3:NettAmount>
                <ns3:LevyAmount>0</ns3:LevyAmount>
                <ns3:PatientPayAmount>0</ns3:PatientPayAmount>
              </ns3:SubTotalValues>
              <ns3:Message>
                <ns3:Type>W</ns3:Type>
                <ns3:Code>3002</ns3:Code>
                <ns3:Description>CLAIM UNDER REVIEW</ns3:Description>
              </ns3:Message>
              <ns3:TotalValues>
                <ns3:GrossAmount>105000</ns3:GrossAmount>
                <ns3:NettAmount>0</ns3:NettAmount>
                <ns3:LevyAmount>0</ns3:LevyAmount>
                <ns3:PatientPayAmount>0</ns3:PatientPayAmount>
              </ns3:TotalValues>
            </ns3:ServiceResponse>
            <ns3:ServiceResponse>
              <ns3:Number>6</ns3:Number>
              <ns3:BenefitCode>UNK</ns3:BenefitCode>
              <ns3:Identifier>2303</ns3:Identifier>
              <ns3:SubTotalValues>
                <ns3:GrossAmount>64172</ns3:GrossAmount>
                <ns3:NettAmount>0</ns3:NettAmount>
                <ns3:LevyAmount>0</ns3:LevyAmount>
                <ns3:PatientPayAmount>0</ns3:PatientPayAmount>
              </ns3:SubTotalValues>
              <ns3:Message>
                <ns3:Type>W</ns3:Type>
                <ns3:Code>3002</ns3:Code>
                <ns3:Description>CLAIM UNDER REVIEW</ns3:Description>
              </ns3:Message>
              <ns3:TotalValues>
                <ns3:GrossAmount>64172</ns3:GrossAmount>
                <ns3:NettAmount>0</ns3:NettAmount>
                <ns3:LevyAmount>0</ns3:LevyAmount>
                <ns3:PatientPayAmount>0</ns3:PatientPayAmount>
              </ns3:TotalValues>
            </ns3:ServiceResponse>
            <ns3:ServiceResponse>
              <ns3:Number>7</ns3:Number>
              <ns3:BenefitCode>UNK</ns3:BenefitCode>
              <ns3:Identifier>2306</ns3:Identifier>
              <ns3:SubTotalValues>
                <ns3:GrossAmount>3490</ns3:GrossAmount>
                <ns3:NettAmount>0</ns3:NettAmount>
                <ns3:LevyAmount>0</ns3:LevyAmount>
                <ns3:PatientPayAmount>0</ns3:PatientPayAmount>
              </ns3:SubTotalValues>
              <ns3:Message>
                <ns3:Type>W</ns3:Type>
                <ns3:Code>3002</ns3:Code>
                <ns3:Description>CLAIM UNDER REVIEW</ns3:Description>
              </ns3:Message>
              <ns3:TotalValues>
                <ns3:GrossAmount>3490</ns3:GrossAmount>
                <ns3:NettAmount>0</ns3:NettAmount>
                <ns3:LevyAmount>0</ns3:LevyAmount>
                <ns3:PatientPayAmount>0</ns3:PatientPayAmount>
              </ns3:TotalValues>
            </ns3:ServiceResponse>
          </ns3:Response>
        </ns3:Claim>
      </ns2:ZMF2_1Response>
    </ns2:processZMFResponse>
  </soap:Body>
</soap:Envelope>
