<x:Envelope xmlns:x="http://schemas.xmlsoap.org/soap/envelope/" xmlns:apa="http://apace.systems/apacewebservices/"
            xmlns:zmf="http://zieto.co.za/claim/zmf">
  <x:Header>
    <apa:secureToken>eb4eeb1e9e03493e2d1db0e524c7da98f0bb2a11ad991335d0ee038560704906</apa:secureToken>
  </x:Header>
  <x:Body>
    <apa:processZMF>
      <apa:ZMF2_1Request>
<zmf:Claim>
  <zmf:Request>
    <zmf:Transaction>
      <zmf:VersionNumber>2.1</zmf:VersionNumber>
      <zmf:Type>CL</zmf:Type>
      <zmf:Number>C1384:2</zmf:Number>
      <zmf:DestinationCode>CIMUZWA</zmf:DestinationCode>
      <zmf:SoftwareIdentifier>TRIFOUR</zmf:SoftwareIdentifier>
      <zmf:OriginalSoftwareIdentifier>TRIMED</zmf:OriginalSoftwareIdentifier>
      <zmf:DateTime>20240227100317</zmf:DateTime>
      <zmf:TestClaimIndicator>Y</zmf:TestClaimIndicator>
      <zmf:CountryISOCode>ZW</zmf:CountryISOCode>
    </zmf:Transaction>
    <zmf:Provider>
      <zmf:Role>SP</zmf:Role>
      <zmf:PracticeNumber>50083</zmf:PracticeNumber>
      <zmf:PracticeName>Avenues Clinic</zmf:PracticeName>
    </zmf:Provider>
    <zmf:Member>
      <zmf:MedicalSchemeNumber>12323951</zmf:MedicalSchemeNumber>
      <zmf:MedicalSchemeName>SECUREPREMIUM</zmf:MedicalSchemeName>
    </zmf:Member>
    <zmf:Patient>
      <zmf:DependantCode>03</zmf:DependantCode>
      <zmf:NewBornIndicator>N</zmf:NewBornIndicator>
      <zmf:Personal>
        <zmf:Surname>KANYUME</zmf:Surname>
        <zmf:FirstName>LEON</zmf:FirstName>
        <zmf:Initials>L</zmf:Initials>
        <zmf:Gender>M</zmf:Gender>
        <zmf:IDType>ID</zmf:IDType>
        <zmf:DateOfBirth>20210208</zmf:DateOfBirth>
      </zmf:Personal>
    </zmf:Patient>
    <zmf:ClaimHeader>
      <zmf:ClaimNumber>C1384:2</zmf:ClaimNumber>
      <zmf:ClaimDateTime>20240227100317</zmf:ClaimDateTime>
      <zmf:TotalServices>2</zmf:TotalServices>
      <zmf:TotalConsumables>1</zmf:TotalConsumables>
      <zmf:WhomToPay>P</zmf:WhomToPay>
      <zmf:InHospitalIndicator>N</zmf:InHospitalIndicator>
      <zmf:MVAIndicator>N</zmf:MVAIndicator>
      <zmf:IODIndicator>N</zmf:IODIndicator>
      <zmf:AccidentIndicator>N</zmf:AccidentIndicator>
      <zmf:EmergencyIndicator>N</zmf:EmergencyIndicator>
      <zmf:TotalValues>
        <zmf:GrossAmount>3907</zmf:GrossAmount>
        <zmf:NettAmount>0</zmf:NettAmount>
        <zmf:ReceiptAmount>0</zmf:ReceiptAmount>
        <zmf:LevyAmount>0</zmf:LevyAmount>
        <zmf:DiscountAmount>0</zmf:DiscountAmount>
        <zmf:GenericSurchargeAmount>0</zmf:GenericSurchargeAmount>
        <zmf:PatientPayAmount>0</zmf:PatientPayAmount>
        <zmf:OverChargeAmount>0</zmf:OverChargeAmount>
        <zmf:ContainerFeeAmount>0</zmf:ContainerFeeAmount>
        <zmf:DispensingFeeAmount>0</zmf:DispensingFeeAmount>
        <zmf:ProfessionalFeeAmount>0</zmf:ProfessionalFeeAmount>
        <zmf:VarianceAmount>0</zmf:VarianceAmount>
      </zmf:TotalValues>
    </zmf:ClaimHeader>
    <zmf:Service>
      <zmf:Type>T</zmf:Type>
      <zmf:Number>1</zmf:Number>
      <zmf:CodeSet>Other</zmf:CodeSet>
      <zmf:Code>02291</zmf:Code>
      <zmf:CodeDescription>NON EMERGENCY CONSULT (INIT)</zmf:CodeDescription>
      <zmf:ChargeableUnit>M</zmf:ChargeableUnit>
      <zmf:ChargeableQuantity>100</zmf:ChargeableQuantity>
      <zmf:SectionType>W</zmf:SectionType>
      <zmf:ServiceStartDateTime>20240226000000</zmf:ServiceStartDateTime>
      <zmf:ServiceEndDateTime>20240226000000</zmf:ServiceEndDateTime>
      <zmf:NumberOfConsumables>0</zmf:NumberOfConsumables>
      <zmf:Identifier>1634150</zmf:Identifier>
      <zmf:NumberOfLaboratoryRecords>0</zmf:NumberOfLaboratoryRecords>
      <zmf:NumberOfToothRecords>0</zmf:NumberOfToothRecords>
      <zmf:NumberOfDentalLaboratoryRecords>0</zmf:NumberOfDentalLaboratoryRecords>
      <zmf:NumberOfOptometryRecords>0</zmf:NumberOfOptometryRecords>
      <zmf:WhomToPay>P</zmf:WhomToPay>
      <zmf:Diagnosis>
        <zmf:Stage>P</zmf:Stage>
        <zmf:CodeSet>ICD</zmf:CodeSet>
        <zmf:Code>R56.0</zmf:Code>
      </zmf:Diagnosis>
      <zmf:SubTotalValues>
        <zmf:GrossAmount>3839</zmf:GrossAmount>
        <zmf:NettAmount>0</zmf:NettAmount>
        <zmf:ReceiptAmount>0</zmf:ReceiptAmount>
        <zmf:LevyAmount>0</zmf:LevyAmount>
        <zmf:DiscountAmount>0</zmf:DiscountAmount>
        <zmf:GenericSurchargeAmount>0</zmf:GenericSurchargeAmount>
        <zmf:PatientPayAmount>0</zmf:PatientPayAmount>
        <zmf:OverChargeAmount>0</zmf:OverChargeAmount>
        <zmf:ContainerFeeAmount>0</zmf:ContainerFeeAmount>
        <zmf:DispensingFeeAmount>0</zmf:DispensingFeeAmount>
        <zmf:ProfessionalFeeAmount>0</zmf:ProfessionalFeeAmount>
        <zmf:VarianceAmount>0</zmf:VarianceAmount>
      </zmf:SubTotalValues>
      <zmf:TotalValues>
        <zmf:GrossAmount>3839</zmf:GrossAmount>
        <zmf:NettAmount>0</zmf:NettAmount>
        <zmf:ReceiptAmount>0</zmf:ReceiptAmount>
        <zmf:LevyAmount>0</zmf:LevyAmount>
        <zmf:DiscountAmount>0</zmf:DiscountAmount>
        <zmf:GenericSurchargeAmount>0</zmf:GenericSurchargeAmount>
        <zmf:PatientPayAmount>0</zmf:PatientPayAmount>
        <zmf:OverChargeAmount>0</zmf:OverChargeAmount>
        <zmf:ContainerFeeAmount>0</zmf:ContainerFeeAmount>
        <zmf:DispensingFeeAmount>0</zmf:DispensingFeeAmount>
        <zmf:ProfessionalFeeAmount>0</zmf:ProfessionalFeeAmount>
        <zmf:VarianceAmount>0</zmf:VarianceAmount>
      </zmf:TotalValues>
    </zmf:Service>
    <zmf:Service>
      <zmf:Type>T</zmf:Type>
      <zmf:Number>2</zmf:Number>
      <zmf:CodeSet>Other</zmf:CodeSet>
      <zmf:Code>02568</zmf:Code>
      <zmf:CodeDescription>Casualty Sundries </zmf:CodeDescription>
      <zmf:ChargeableUnit>U</zmf:ChargeableUnit>
      <zmf:ChargeableQuantity>100</zmf:ChargeableQuantity>
      <zmf:SectionType>D</zmf:SectionType>
      <zmf:ServiceStartDateTime>20240226094100</zmf:ServiceStartDateTime>
      <zmf:ServiceEndDateTime>20240226100416</zmf:ServiceEndDateTime>
      <zmf:NumberOfConsumables>1</zmf:NumberOfConsumables>
      <zmf:Identifier>0</zmf:Identifier>
      <zmf:NumberOfLaboratoryRecords>0</zmf:NumberOfLaboratoryRecords>
      <zmf:NumberOfToothRecords>0</zmf:NumberOfToothRecords>
      <zmf:NumberOfDentalLaboratoryRecords>0</zmf:NumberOfDentalLaboratoryRecords>
      <zmf:NumberOfOptometryRecords>0</zmf:NumberOfOptometryRecords>
      <zmf:WhomToPay>P</zmf:WhomToPay>
      <zmf:Diagnosis>
        <zmf:Stage>P</zmf:Stage>
        <zmf:CodeSet>ICD</zmf:CodeSet>
        <zmf:Code>R56.0</zmf:Code>
      </zmf:Diagnosis>
      <zmf:SubTotalValues>
        <zmf:GrossAmount>0</zmf:GrossAmount>
        <zmf:NettAmount>0</zmf:NettAmount>
        <zmf:ReceiptAmount>0</zmf:ReceiptAmount>
        <zmf:LevyAmount>0</zmf:LevyAmount>
        <zmf:DiscountAmount>0</zmf:DiscountAmount>
        <zmf:GenericSurchargeAmount>0</zmf:GenericSurchargeAmount>
        <zmf:PatientPayAmount>0</zmf:PatientPayAmount>
        <zmf:OverChargeAmount>0</zmf:OverChargeAmount>
        <zmf:ContainerFeeAmount>0</zmf:ContainerFeeAmount>
        <zmf:DispensingFeeAmount>0</zmf:DispensingFeeAmount>
        <zmf:ProfessionalFeeAmount>0</zmf:ProfessionalFeeAmount>
        <zmf:VarianceAmount>0</zmf:VarianceAmount>
      </zmf:SubTotalValues>
      <zmf:Consumable>
        <zmf:Type>L</zmf:Type>
        <zmf:Number>1</zmf:Number>
        <zmf:CodeSet>NSC</zmf:CodeSet>
        <zmf:Code>609640</zmf:Code>
        <zmf:Description>LATEX EXAMINATION GLOVES</zmf:Description>
        <zmf:Quantity>1000</zmf:Quantity>
        <zmf:DaysSupply>1</zmf:DaysSupply>
        <zmf:SectionType>R</zmf:SectionType>
        <zmf:DispensedDate>20240226</zmf:DispensedDate>
        <zmf:WhomToPay>P</zmf:WhomToPay>
        <zmf:Identifier>1634151</zmf:Identifier>
        <zmf:TotalValues>
          <zmf:GrossAmount>68</zmf:GrossAmount>
          <zmf:NettAmount>0</zmf:NettAmount>
          <zmf:ReceiptAmount>0</zmf:ReceiptAmount>
          <zmf:LevyAmount>0</zmf:LevyAmount>
          <zmf:DiscountAmount>0</zmf:DiscountAmount>
          <zmf:GenericSurchargeAmount>0</zmf:GenericSurchargeAmount>
          <zmf:PatientPayAmount>0</zmf:PatientPayAmount>
          <zmf:OverChargeAmount>0</zmf:OverChargeAmount>
          <zmf:ContainerFeeAmount>0</zmf:ContainerFeeAmount>
          <zmf:DispensingFeeAmount>0</zmf:DispensingFeeAmount>
          <zmf:ProfessionalFeeAmount>0</zmf:ProfessionalFeeAmount>
          <zmf:VarianceAmount>0</zmf:VarianceAmount>
        </zmf:TotalValues>
      </zmf:Consumable>
      <zmf:TotalValues>
        <zmf:GrossAmount>68</zmf:GrossAmount>
        <zmf:NettAmount>0</zmf:NettAmount>
        <zmf:ReceiptAmount>0</zmf:ReceiptAmount>
        <zmf:LevyAmount>0</zmf:LevyAmount>
        <zmf:DiscountAmount>0</zmf:DiscountAmount>
        <zmf:GenericSurchargeAmount>0</zmf:GenericSurchargeAmount>
        <zmf:PatientPayAmount>0</zmf:PatientPayAmount>
        <zmf:OverChargeAmount>0</zmf:OverChargeAmount>
        <zmf:ContainerFeeAmount>0</zmf:ContainerFeeAmount>
        <zmf:DispensingFeeAmount>0</zmf:DispensingFeeAmount>
        <zmf:ProfessionalFeeAmount>0</zmf:ProfessionalFeeAmount>
        <zmf:VarianceAmount>0</zmf:VarianceAmount>
      </zmf:TotalValues>
    </zmf:Service>
  </zmf:Request>
</zmf:Claim>
      </apa:ZMF2_1Request>
    </apa:processZMF>
  </x:Body>
</x:Envelope>
