<?xml version="1.0" encoding="UTF-8"?>
<Claim xmlns="http://zieto.co.za/claim/zmf">
  <Request xmlns:s01="http://zieto.co.za/claim/zmf">
    <s01:Transaction>
      <s01:VersionNumber>2.1</s01:VersionNumber>
      <s01:Type>CL</s01:Type>
      <s01:Number>MMC11898:14</s01:Number>
      <s01:DestinationCode>CMPUZWA</s01:DestinationCode>
      <s01:SoftwareIdentifier>TRIFOUR</s01:SoftwareIdentifier>
      <s01:OriginalSoftwareIdentifier>TRIMED</s01:OriginalSoftwareIdentifier>
      <s01:DateTime>20240804063952</s01:DateTime>
      <s01:TestClaimIndicator>N</s01:TestClaimIndicator>
      <s01:CountryISOCode>ZW</s01:CountryISOCode>
    </s01:Transaction>
    <s01:Provider>
      <s01:Role>SP</s01:Role>
      <s01:PracticeNumber>62359</s01:PracticeNumber>
      <s01:PracticeName>Mimosa Mine Clinic</s01:PracticeName>
    </s01:Provider>
    <s01:Member>
      <s01:MedicalSchemeNumber>2017377891</s01:MedicalSchemeNumber>
      <s01:MedicalSchemeName>Cellmed Premium USD</s01:MedicalSchemeName>
    </s01:Member>
    <s01:Patient>
      <s01:DependantCode>00</s01:DependantCode>
      <s01:NewBornIndicator>N</s01:NewBornIndicator>
      <s01:Personal>
        <s01:Surname>Sande</s01:Surname>
        <s01:FirstName>Tatenda</s01:FirstName>
        <s01:Initials>T</s01:Initials>
        <s01:Gender>F</s01:Gender>
        <s01:IDNumber>67-160217-K-70</s01:IDNumber>
        <s01:IDType>ID</s01:IDType>
        <s01:DateOfBirth>19990105</s01:DateOfBirth>
      </s01:Personal>
    </s01:Patient>
    <s01:ClaimHeader>
      <s01:ClaimNumber>MMC11898:14</s01:ClaimNumber>
      <s01:ClaimDateTime>20240804063952</s01:ClaimDateTime>
      <s01:TotalServices>2</s01:TotalServices>
      <s01:TotalConsumables>2</s01:TotalConsumables>
      <s01:WhomToPay>P</s01:WhomToPay>
      <s01:InHospitalIndicator>N</s01:InHospitalIndicator>
      <s01:MVAIndicator>N</s01:MVAIndicator>
      <s01:IODIndicator>N</s01:IODIndicator>
      <s01:AccidentIndicator>N</s01:AccidentIndicator>
      <s01:EmergencyIndicator>N</s01:EmergencyIndicator>
      <s01:TotalValues>
        <s01:GrossAmount>1800</s01:GrossAmount>
        <s01:NettAmount>0</s01:NettAmount>
        <s01:ReceiptAmount>0</s01:ReceiptAmount>
        <s01:LevyAmount>0</s01:LevyAmount>
        <s01:DiscountAmount>0</s01:DiscountAmount>
        <s01:GenericSurchargeAmount>0</s01:GenericSurchargeAmount>
        <s01:PatientPayAmount>0</s01:PatientPayAmount>
        <s01:OverChargeAmount>0</s01:OverChargeAmount>
        <s01:ContainerFeeAmount>0</s01:ContainerFeeAmount>
        <s01:DispensingFeeAmount>0</s01:DispensingFeeAmount>
        <s01:ProfessionalFeeAmount>0</s01:ProfessionalFeeAmount>
        <s01:VarianceAmount>0</s01:VarianceAmount>
      </s01:TotalValues>
    </s01:ClaimHeader>
    <s01:Service>
      <s01:Type>T</s01:Type>
      <s01:Number>1</s01:Number>
      <s01:CodeSet>Other</s01:CodeSet>
      <s01:Code>02945</s01:Code>
      <s01:CodeDescription>Initial consultation by registered general nurse</s01:CodeDescription>
      <s01:ChargeableUnit>M</s01:ChargeableUnit>
      <s01:ChargeableQuantity>100</s01:ChargeableQuantity>
      <s01:SectionType>W</s01:SectionType>
      <s01:ServiceStartDateTime>20240804063610</s01:ServiceStartDateTime>
      <s01:ServiceEndDateTime>20240804063610</s01:ServiceEndDateTime>
      <s01:NumberOfConsumables>0</s01:NumberOfConsumables>
      <s01:Identifier>793450</s01:Identifier>
      <s01:NumberOfLaboratoryRecords>0</s01:NumberOfLaboratoryRecords>
      <s01:NumberOfToothRecords>0</s01:NumberOfToothRecords>
      <s01:NumberOfDentalLaboratoryRecords>0</s01:NumberOfDentalLaboratoryRecords>
      <s01:NumberOfOptometryRecords>0</s01:NumberOfOptometryRecords>
      <s01:WhomToPay>P</s01:WhomToPay>
      <s01:Diagnosis>
        <s01:Stage>P</s01:Stage>
        <s01:CodeSet>ICD</s01:CodeSet>
        <s01:Code>K58.0</s01:Code>
      </s01:Diagnosis>
      <s01:SubTotalValues>
        <s01:GrossAmount>1400</s01:GrossAmount>
        <s01:NettAmount>0</s01:NettAmount>
        <s01:ReceiptAmount>0</s01:ReceiptAmount>
        <s01:LevyAmount>0</s01:LevyAmount>
        <s01:DiscountAmount>0</s01:DiscountAmount>
        <s01:GenericSurchargeAmount>0</s01:GenericSurchargeAmount>
        <s01:PatientPayAmount>0</s01:PatientPayAmount>
        <s01:OverChargeAmount>0</s01:OverChargeAmount>
        <s01:ContainerFeeAmount>0</s01:ContainerFeeAmount>
        <s01:DispensingFeeAmount>0</s01:DispensingFeeAmount>
        <s01:ProfessionalFeeAmount>0</s01:ProfessionalFeeAmount>
        <s01:VarianceAmount>0</s01:VarianceAmount>
      </s01:SubTotalValues>
      <s01:TotalValues>
        <s01:GrossAmount>1400</s01:GrossAmount>
        <s01:NettAmount>0</s01:NettAmount>
        <s01:ReceiptAmount>0</s01:ReceiptAmount>
        <s01:LevyAmount>0</s01:LevyAmount>
        <s01:DiscountAmount>0</s01:DiscountAmount>
        <s01:GenericSurchargeAmount>0</s01:GenericSurchargeAmount>
        <s01:PatientPayAmount>0</s01:PatientPayAmount>
        <s01:OverChargeAmount>0</s01:OverChargeAmount>
        <s01:ContainerFeeAmount>0</s01:ContainerFeeAmount>
        <s01:DispensingFeeAmount>0</s01:DispensingFeeAmount>
        <s01:ProfessionalFeeAmount>0</s01:ProfessionalFeeAmount>
        <s01:VarianceAmount>0</s01:VarianceAmount>
      </s01:TotalValues>
    </s01:Service>
    <s01:Service>
      <s01:Type>T</s01:Type>
      <s01:Number>2</s01:Number>
      <s01:CodeSet>Other</s01:CodeSet>
      <s01:Code>02970</s01:Code>
      <s01:CodeDescription>Pharmacy Drugs</s01:CodeDescription>
      <s01:ChargeableUnit>U</s01:ChargeableUnit>
      <s01:ChargeableQuantity>100</s01:ChargeableQuantity>
      <s01:SectionType>D</s01:SectionType>
      <s01:ServiceStartDateTime>20240804063610</s01:ServiceStartDateTime>
      <s01:ServiceEndDateTime>20240804063610</s01:ServiceEndDateTime>
      <s01:NumberOfConsumables>2</s01:NumberOfConsumables>
      <s01:Identifier>0</s01:Identifier>
      <s01:NumberOfLaboratoryRecords>0</s01:NumberOfLaboratoryRecords>
      <s01:NumberOfToothRecords>0</s01:NumberOfToothRecords>
      <s01:NumberOfDentalLaboratoryRecords>0</s01:NumberOfDentalLaboratoryRecords>
      <s01:NumberOfOptometryRecords>0</s01:NumberOfOptometryRecords>
      <s01:WhomToPay>P</s01:WhomToPay>
      <s01:Diagnosis>
        <s01:Stage>P</s01:Stage>
        <s01:CodeSet>ICD</s01:CodeSet>
        <s01:Code>K58.0</s01:Code>
      </s01:Diagnosis>
      <s01:SubTotalValues>
        <s01:GrossAmount>0</s01:GrossAmount>
        <s01:NettAmount>0</s01:NettAmount>
        <s01:ReceiptAmount>0</s01:ReceiptAmount>
        <s01:LevyAmount>0</s01:LevyAmount>
        <s01:DiscountAmount>0</s01:DiscountAmount>
        <s01:GenericSurchargeAmount>0</s01:GenericSurchargeAmount>
        <s01:PatientPayAmount>0</s01:PatientPayAmount>
        <s01:OverChargeAmount>0</s01:OverChargeAmount>
        <s01:ContainerFeeAmount>0</s01:ContainerFeeAmount>
        <s01:DispensingFeeAmount>0</s01:DispensingFeeAmount>
        <s01:ProfessionalFeeAmount>0</s01:ProfessionalFeeAmount>
        <s01:VarianceAmount>0</s01:VarianceAmount>
      </s01:SubTotalValues>
      <s01:Consumable>
        <s01:Type>L</s01:Type>
        <s01:Number>1</s01:Number>
        <s01:CodeSet>NSC</s01:CodeSet>
        <s01:Code>020366</s01:Code>
        <s01:Description>Ciprofloxacin 500mg </s01:Description>
        <s01:Quantity>1000</s01:Quantity>
        <s01:DaysSupply>1</s01:DaysSupply>
        <s01:SectionType>R</s01:SectionType>
        <s01:DispensedDate>20240804</s01:DispensedDate>
        <s01:WhomToPay>P</s01:WhomToPay>
        <s01:Identifier>793451</s01:Identifier>
        <s01:TotalValues>
          <s01:GrossAmount>300</s01:GrossAmount>
          <s01:NettAmount>0</s01:NettAmount>
          <s01:ReceiptAmount>0</s01:ReceiptAmount>
          <s01:LevyAmount>0</s01:LevyAmount>
          <s01:DiscountAmount>0</s01:DiscountAmount>
          <s01:GenericSurchargeAmount>0</s01:GenericSurchargeAmount>
          <s01:PatientPayAmount>0</s01:PatientPayAmount>
          <s01:OverChargeAmount>0</s01:OverChargeAmount>
          <s01:ContainerFeeAmount>0</s01:ContainerFeeAmount>
          <s01:DispensingFeeAmount>0</s01:DispensingFeeAmount>
          <s01:ProfessionalFeeAmount>0</s01:ProfessionalFeeAmount>
          <s01:VarianceAmount>0</s01:VarianceAmount>
        </s01:TotalValues>
      </s01:Consumable>
      <s01:Consumable>
        <s01:Type>L</s01:Type>
        <s01:Number>2</s01:Number>
        <s01:CodeSet>NSC</s01:CodeSet>
        <s01:Code>002370</s01:Code>
        <s01:Description>Paracetamol 500mg</s01:Description>
        <s01:Quantity>2000</s01:Quantity>
        <s01:DaysSupply>1</s01:DaysSupply>
        <s01:SectionType>R</s01:SectionType>
        <s01:DispensedDate>20240804</s01:DispensedDate>
        <s01:WhomToPay>P</s01:WhomToPay>
        <s01:Identifier>793452</s01:Identifier>
        <s01:TotalValues>
          <s01:GrossAmount>100</s01:GrossAmount>
          <s01:NettAmount>0</s01:NettAmount>
          <s01:ReceiptAmount>0</s01:ReceiptAmount>
          <s01:LevyAmount>0</s01:LevyAmount>
          <s01:DiscountAmount>0</s01:DiscountAmount>
          <s01:GenericSurchargeAmount>0</s01:GenericSurchargeAmount>
          <s01:PatientPayAmount>0</s01:PatientPayAmount>
          <s01:OverChargeAmount>0</s01:OverChargeAmount>
          <s01:ContainerFeeAmount>0</s01:ContainerFeeAmount>
          <s01:DispensingFeeAmount>0</s01:DispensingFeeAmount>
          <s01:ProfessionalFeeAmount>0</s01:ProfessionalFeeAmount>
          <s01:VarianceAmount>0</s01:VarianceAmount>
        </s01:TotalValues>
      </s01:Consumable>
      <s01:TotalValues>
        <s01:GrossAmount>400</s01:GrossAmount>
        <s01:NettAmount>0</s01:NettAmount>
        <s01:ReceiptAmount>0</s01:ReceiptAmount>
        <s01:LevyAmount>0</s01:LevyAmount>
        <s01:DiscountAmount>0</s01:DiscountAmount>
        <s01:GenericSurchargeAmount>0</s01:GenericSurchargeAmount>
        <s01:PatientPayAmount>0</s01:PatientPayAmount>
        <s01:OverChargeAmount>0</s01:OverChargeAmount>
        <s01:ContainerFeeAmount>0</s01:ContainerFeeAmount>
        <s01:DispensingFeeAmount>0</s01:DispensingFeeAmount>
        <s01:ProfessionalFeeAmount>0</s01:ProfessionalFeeAmount>
        <s01:VarianceAmount>0</s01:VarianceAmount>
      </s01:TotalValues>
    </s01:Service>
  </Request>
</Claim>
