<?xml version="1.0" encoding="UTF-8"?>
<zmf:Claim xmlns:zmf="http://zieto.co.za/claim/zmf">
  <zmf:Request>
    <zmf:Transaction>
      <zmf:VersionNumber>2.1</zmf:VersionNumber>
      <zmf:Type>RV</zmf:Type>
      <zmf:Number>24892348345</zmf:Number>
      <zmf:DestinationCode>BPLUZWA</zmf:DestinationCode>
      <zmf:SoftwareIdentifier>WCHMS</zmf:SoftwareIdentifier>
      <zmf:DateTime>20240422080440</zmf:DateTime>
      <zmf:TransactionLink>NA</zmf:TransactionLink>
      <zmf:TestClaimIndicator>Y</zmf:TestClaimIndicator>
      <zmf:CountryISOCode>ZW</zmf:CountryISOCode>
    </zmf:Transaction>
    <zmf:Provider>
      <zmf:Role>SP</zmf:Role>
      <zmf:PracticeNumber>50032</zmf:PracticeNumber>
      <zmf:PracticeName>Avenues Clinic</zmf:PracticeName>
    </zmf:Provider>
    <zmf:Member>
      <zmf:MedicalSchemeNumber>2015047145</zmf:MedicalSchemeNumber>
      <zmf:MedicalSchemeName>BPLUZW</zmf:MedicalSchemeName>
    </zmf:Member>
    <zmf:Patient>
      <zmf:DependantCode>02</zmf:DependantCode>
      <zmf:NewBornIndicator>N</zmf:NewBornIndicator>
      <zmf:Personal>
        <zmf:Title>MRS</zmf:Title>
        <zmf:Surname>TSIMBA</zmf:Surname>
        <zmf:FirstName>STELLAH</zmf:FirstName>
        <zmf:Initials>Mrs</zmf:Initials>
        <zmf:Gender>F</zmf:Gender>
        <zmf:DateOfBirth>19530618</zmf:DateOfBirth>
      </zmf:Personal>
    </zmf:Patient>
    <zmf:ClaimHeader>
      <zmf:ClaimNumber>XMLSKSKSK002</zmf:ClaimNumber>
      <zmf:ClaimDateTime>20240422080440</zmf:ClaimDateTime>
      <zmf:TotalServices>1</zmf:TotalServices>
      <zmf:TotalConsumables>0</zmf:TotalConsumables>
      <zmf:WhomToPay>P</zmf:WhomToPay>
      <zmf:InHospitalIndicator>N</zmf:InHospitalIndicator>
      <zmf:MVAIndicator>N</zmf:MVAIndicator>
      <zmf:IODIndicator>N</zmf:IODIndicator>
      <zmf:AccidentIndicator>N</zmf:AccidentIndicator>
      <zmf:EmergencyIndicator>N</zmf:EmergencyIndicator>
      <zmf:DateOfAccident>20240414000400</zmf:DateOfAccident>
      <zmf:WCANo>NA</zmf:WCANo>
      <zmf:BatchNumber>NA</zmf:BatchNumber>
      <zmf:BatchDateTime>20240414000400</zmf:BatchDateTime>
      <zmf:Authorisation>
        <zmf:PreAuthorisationNumber>BIOBYPASS</zmf:PreAuthorisationNumber>
        <zmf:AuthorisationNumber>WRKFW</zmf:AuthorisationNumber>
        <zmf:AuthorisationDate>20240422</zmf:AuthorisationDate>
      </zmf:Authorisation>
      <zmf:TotalValues>
        <zmf:GrossAmount>370000</zmf:GrossAmount>
        <zmf:NettAmount>370000</zmf:NettAmount>
        <zmf:ReceiptAmount>0</zmf:ReceiptAmount>
        <zmf:LevyAmount>0</zmf:LevyAmount>
        <zmf:DiscountAmount>0</zmf:DiscountAmount>
        <zmf:GenericSurchargeAmount>0</zmf:GenericSurchargeAmount>
        <zmf:PatientPayAmount>0</zmf:PatientPayAmount>
        <zmf:OverChargeAmount>0</zmf:OverChargeAmount>
        <zmf:ContainerFeeAmount>0</zmf:ContainerFeeAmount>
        <zmf:DispensingFeeAmount>0</zmf:DispensingFeeAmount>
        <zmf:ProfessionalFeeAmount>0</zmf:ProfessionalFeeAmount>
        <zmf:VarianceAmount>0</zmf:VarianceAmount>
      </zmf:TotalValues>
    </zmf:ClaimHeader>
    <zmf:Service>
      <zmf:Type>T</zmf:Type>
      <zmf:Number>1</zmf:Number>
      <zmf:CodeSet>Other</zmf:CodeSet>
      <zmf:Code>02291</zmf:Code>
      <zmf:CodeDescription>Initial Consultation</zmf:CodeDescription>
      <zmf:ChargeableUnit>U</zmf:ChargeableUnit>
      <zmf:ChargeableQuantity>100</zmf:ChargeableQuantity>
      <zmf:SectionType>F</zmf:SectionType>
      <zmf:ServiceStartDateTime>20240414000400</zmf:ServiceStartDateTime>
      <zmf:ServiceEndDateTime>20240420000400</zmf:ServiceEndDateTime>
      <zmf:ExternalReferenceNumber>A1223422</zmf:ExternalReferenceNumber>
      <zmf:BenefitCode>A223</zmf:BenefitCode>
      <zmf:BenefitDescription>Descr</zmf:BenefitDescription>
      <zmf:NumberOfConsumables>0</zmf:NumberOfConsumables>
      <zmf:Identifier>0</zmf:Identifier>
      <zmf:NumberOfLaboratoryRecords>0</zmf:NumberOfLaboratoryRecords>
      <zmf:NumberOfToothRecords>0</zmf:NumberOfToothRecords>
      <zmf:NumberOfDentalLaboratoryRecords>0</zmf:NumberOfDentalLaboratoryRecords>
      <zmf:NumberOfOptometryRecords>0</zmf:NumberOfOptometryRecords>
      <zmf:WhomToPay>P</zmf:WhomToPay>
      <zmf:UpdateIndicator>N</zmf:UpdateIndicator>
      <zmf:Authorisation>
        <zmf:PreAuthorisationNumber>BIOBYPASS</zmf:PreAuthorisationNumber>
        <zmf:AuthorisationNumber>WRKFW</zmf:AuthorisationNumber>
        <zmf:AuthorisationDate>20211208</zmf:AuthorisationDate>
      </zmf:Authorisation>
      <zmf:Diagnosis>
        <zmf:Stage>P</zmf:Stage>
        <zmf:CodeSet>ICD</zmf:CodeSet>
        <zmf:Code>Z71.81</zmf:Code>
      </zmf:Diagnosis>
      <zmf:SubTotalValues>
        <zmf:GrossAmount>3700</zmf:GrossAmount>
        <zmf:NettAmount>3700</zmf:NettAmount>
        <zmf:ReceiptAmount>0</zmf:ReceiptAmount>
        <zmf:LevyAmount>0</zmf:LevyAmount>
        <zmf:DiscountAmount>0</zmf:DiscountAmount>
        <zmf:GenericSurchargeAmount>0</zmf:GenericSurchargeAmount>
        <zmf:PatientPayAmount>0</zmf:PatientPayAmount>
        <zmf:OverChargeAmount>0</zmf:OverChargeAmount>
        <zmf:ContainerFeeAmount>0</zmf:ContainerFeeAmount>
        <zmf:DispensingFeeAmount>0</zmf:DispensingFeeAmount>
        <zmf:ProfessionalFeeAmount>0</zmf:ProfessionalFeeAmount>
        <zmf:VarianceAmount>0</zmf:VarianceAmount>
      </zmf:SubTotalValues>
      <zmf:TotalValues>
        <zmf:GrossAmount>3700</zmf:GrossAmount>
        <zmf:NettAmount>3700</zmf:NettAmount>
        <zmf:ReceiptAmount>0</zmf:ReceiptAmount>
        <zmf:LevyAmount>0</zmf:LevyAmount>
        <zmf:DiscountAmount>0</zmf:DiscountAmount>
        <zmf:GenericSurchargeAmount>0</zmf:GenericSurchargeAmount>
        <zmf:PatientPayAmount>0</zmf:PatientPayAmount>
        <zmf:OverChargeAmount>0</zmf:OverChargeAmount>
        <zmf:ContainerFeeAmount>0</zmf:ContainerFeeAmount>
        <zmf:DispensingFeeAmount>0</zmf:DispensingFeeAmount>
        <zmf:ProfessionalFeeAmount>0</zmf:ProfessionalFeeAmount>
        <zmf:VarianceAmount>0</zmf:VarianceAmount>
      </zmf:TotalValues>
    </zmf:Service>
  </zmf:Request>
</zmf:Claim>
