{


  "Transaction": {
    "Type":"CL",
    "Number": "24892348345",
    "DestinationCode":"CMPUZWA",
    "DateTime":"20240101030400",
  },




  "Diagnosis": [
    {
      "Stage": "P",
      "CodeSet": "ICD",
      "Code":  "A01.2"
    }
  ],
  "Authorisation": {
    "PreAuthorisationNumber": "BIOBYPASS",
    "AuthorisationNumber":"WRKFW",
    "AuthorisationDate": "20211208"
  },
  "SubTotalValues": {
      "GrossAmount": 0,
      "NettAmount":0,
      "ReceiptAmount": 0,
      "LevyAmount":0,
      "DiscountAmount": 0,
      "GenericSurchargeAmount":0,
      "PatientPayAmount": 0,
      "OverChargeAmount":0,
      "ContainerFeeAmount": 0,
      "DispensingFeeAmount":0,
      "ProfessionalFeeAmount": 0,
      "VarianceAmount":0
  },
  "TotalValues": {
    "GrossAmount": 0,
    "NettAmount":0,
    "ReceiptAmount": 0,
    "LevyAmount":0,
    "DiscountAmount": 0,
    "GenericSurchargeAmount":0,
    "PatientPayAmount": 0,
    "OverChargeAmount":0,
    "ContainerFeeAmount": 0,
    "DispensingFeeAmount":0,
    "ProfessionalFeeAmount": 0,
    "VarianceAmount":0
  }

}