<soap:Envelope xmlns:soap="http://schemas.xmlsoap.org/soap/envelope/">
  <SOAP-ENV:Header xmlns:SOAP-ENV="http://schemas.xmlsoap.org/soap/envelope/"/>
  <soap:Body>
    <ns2:processZMFResponse xmlns:ns2="http://apace.systems/apacewebservices/" xmlns:ns3="http://zieto.co.za/claim/zmf">
      <ns2:ZMF2_1Response>
        <ns3:Claim>
          <ns3:Response>
            <ns3:TransactionResponse>
              <ns3:Type>RR</ns3:Type>
              <ns3:Number>09132024121718</ns3:Number>
              <ns3:DateTime>20240913141751</ns3:DateTime>
            </ns3:TransactionResponse>
            <ns3:Member>
              <ns3:MedicalSchemeNumber>11985051</ns3:MedicalSchemeNumber>
              <ns3:MedicalSchemeName>CIMUZW</ns3:MedicalSchemeName>
            </ns3:Member>
            <ns3:Patient>
              <ns3:DependantCode>00</ns3:DependantCode>
              <ns3:NewBornIndicator>N</ns3:NewBornIndicator>
              <ns3:Personal>
                <ns3:Title>MR</ns3:Title>
                <ns3:Surname>MASIMBA</ns3:Surname>
                <ns3:FirstName>FINE</ns3:FirstName>
                <ns3:Initials>F</ns3:Initials>
                <ns3:Gender>M</ns3:Gender>
                <ns3:DateOfBirth>19860120</ns3:DateOfBirth>
              </ns3:Personal>
            </ns3:Patient>
            <ns3:ClaimHeaderResponse>
              <ns3:ResponseCode>Z</ns3:ResponseCode>
              <ns3:ReferenceNumber>26910178</ns3:ReferenceNumber>
              <ns3:AuthorisationNumber>26910178</ns3:AuthorisationNumber>
              <ns3:Message>
                <ns3:Type>I</ns3:Type>
                <ns3:Code>1000</ns3:Code>
                <ns3:Description>REVERSED BY EXTERNAL SOURCE : REVERSED BY EXTERNAL SOURCE</ns3:Description>
              </ns3:Message>
              <ns3:TotalValues>
                <ns3:GrossAmount>0</ns3:GrossAmount>
                <ns3:NettAmount>0</ns3:NettAmount>
              </ns3:TotalValues>
            </ns3:ClaimHeaderResponse>
            <ns3:ServiceResponse>
              <ns3:Number>1</ns3:Number>
              <ns3:BenefitCode>A223</ns3:BenefitCode>
              <ns3:BenefitDescription>02551</ns3:BenefitDescription>
              <ns3:Identifier>2551</ns3:Identifier>
              <ns3:SubTotalValues>
                <ns3:GrossAmount>0</ns3:GrossAmount>
                <ns3:NettAmount>0</ns3:NettAmount>
              </ns3:SubTotalValues>
              <ns3:ConsumableResponse>
                <ns3:Number>1</ns3:Number>
                <ns3:CodeSet>NSC</ns3:CodeSet>
                <ns3:Code>20647</ns3:Code>
                <ns3:Quantity>1400</ns3:Quantity>
                <ns3:BenefitCode>Unkno</ns3:BenefitCode>
                <ns3:Identifier>793450</ns3:Identifier>
                <ns3:TotalValues>
                  <ns3:GrossAmount>0</ns3:GrossAmount>
                  <ns3:NettAmount>0</ns3:NettAmount>
                </ns3:TotalValues>
              </ns3:ConsumableResponse>
              <ns3:ConsumableResponse>
                <ns3:Number>2</ns3:Number>
                <ns3:CodeSet>NSC</ns3:CodeSet>
                <ns3:Code>2457</ns3:Code>
                <ns3:Quantity>4200</ns3:Quantity>
                <ns3:BenefitCode>Unkno</ns3:BenefitCode>
                <ns3:Identifier>793450</ns3:Identifier>
                <ns3:TotalValues>
                  <ns3:GrossAmount>0</ns3:GrossAmount>
                  <ns3:NettAmount>0</ns3:NettAmount>
                </ns3:TotalValues>
              </ns3:ConsumableResponse>
              <ns3:ConsumableResponse>
                <ns3:Number>3</ns3:Number>
                <ns3:CodeSet>NSC</ns3:CodeSet>
                <ns3:Code>3076</ns3:Code>
                <ns3:Quantity>2100</ns3:Quantity>
                <ns3:BenefitCode>Unkno</ns3:BenefitCode>
                <ns3:Identifier>793450</ns3:Identifier>
                <ns3:TotalValues>
                  <ns3:GrossAmount>0</ns3:GrossAmount>
                  <ns3:NettAmount>0</ns3:NettAmount>
                </ns3:TotalValues>
              </ns3:ConsumableResponse>
              <ns3:TotalValues>
                <ns3:GrossAmount>0</ns3:GrossAmount>
                <ns3:NettAmount>0</ns3:NettAmount>
              </ns3:TotalValues>
            </ns3:ServiceResponse>
            <ns3:ServiceResponse>
              <ns3:Number>2</ns3:Number>
              <ns3:BenefitCode>A223</ns3:BenefitCode>
              <ns3:BenefitDescription>02561</ns3:BenefitDescription>
              <ns3:Identifier>2561</ns3:Identifier>
              <ns3:SubTotalValues>
                <ns3:GrossAmount>0</ns3:GrossAmount>
                <ns3:NettAmount>0</ns3:NettAmount>
              </ns3:SubTotalValues>
              <ns3:ConsumableResponse>
                <ns3:Number>1</ns3:Number>
                <ns3:CodeSet>NSC</ns3:CodeSet>
                <ns3:Code>608690</ns3:Code>
                <ns3:Quantity>100</ns3:Quantity>
                <ns3:BenefitCode>Unkno</ns3:BenefitCode>
                <ns3:Identifier>793450</ns3:Identifier>
                <ns3:TotalValues>
                  <ns3:GrossAmount>0</ns3:GrossAmount>
                  <ns3:NettAmount>0</ns3:NettAmount>
                </ns3:TotalValues>
              </ns3:ConsumableResponse>
              <ns3:ConsumableResponse>
                <ns3:Number>2</ns3:Number>
                <ns3:CodeSet>NSC</ns3:CodeSet>
                <ns3:Code>610110</ns3:Code>
                <ns3:Quantity>100</ns3:Quantity>
                <ns3:BenefitCode>Unkno</ns3:BenefitCode>
                <ns3:Identifier>793450</ns3:Identifier>
                <ns3:TotalValues>
                  <ns3:GrossAmount>0</ns3:GrossAmount>
                  <ns3:NettAmount>0</ns3:NettAmount>
                </ns3:TotalValues>
              </ns3:ConsumableResponse>
              <ns3:TotalValues>
                <ns3:GrossAmount>0</ns3:GrossAmount>
                <ns3:NettAmount>0</ns3:NettAmount>
              </ns3:TotalValues>
            </ns3:ServiceResponse>
            <ns3:ServiceResponse>
              <ns3:Number>3</ns3:Number>
              <ns3:BenefitCode>A223</ns3:BenefitCode>
              <ns3:BenefitDescription>02075</ns3:BenefitDescription>
              <ns3:Identifier>2075</ns3:Identifier>
              <ns3:SubTotalValues>
                <ns3:GrossAmount>0</ns3:GrossAmount>
                <ns3:NettAmount>0</ns3:NettAmount>
              </ns3:SubTotalValues>
              <ns3:TotalValues>
                <ns3:GrossAmount>0</ns3:GrossAmount>
                <ns3:NettAmount>0</ns3:NettAmount>
              </ns3:TotalValues>
            </ns3:ServiceResponse>
            <ns3:ServiceResponse>
              <ns3:Number>4</ns3:Number>
              <ns3:BenefitCode>A223</ns3:BenefitCode>
              <ns3:BenefitDescription>02559</ns3:BenefitDescription>
              <ns3:Identifier>2559</ns3:Identifier>
              <ns3:SubTotalValues>
                <ns3:GrossAmount>0</ns3:GrossAmount>
                <ns3:NettAmount>0</ns3:NettAmount>
              </ns3:SubTotalValues>
              <ns3:ConsumableResponse>
                <ns3:Number>1</ns3:Number>
                <ns3:CodeSet>NSC</ns3:CodeSet>
                <ns3:Code>2367</ns3:Code>
                <ns3:Quantity>100</ns3:Quantity>
                <ns3:BenefitCode>Unkno</ns3:BenefitCode>
                <ns3:Identifier>793450</ns3:Identifier>
                <ns3:TotalValues>
                  <ns3:GrossAmount>0</ns3:GrossAmount>
                  <ns3:NettAmount>0</ns3:NettAmount>
                </ns3:TotalValues>
              </ns3:ConsumableResponse>
              <ns3:ConsumableResponse>
                <ns3:Number>2</ns3:Number>
                <ns3:CodeSet>NSC</ns3:CodeSet>
                <ns3:Code>10240</ns3:Code>
                <ns3:Quantity>100</ns3:Quantity>
                <ns3:BenefitCode>Unkno</ns3:BenefitCode>
                <ns3:Identifier>793450</ns3:Identifier>
                <ns3:TotalValues>
                  <ns3:GrossAmount>0</ns3:GrossAmount>
                  <ns3:NettAmount>0</ns3:NettAmount>
                </ns3:TotalValues>
              </ns3:ConsumableResponse>
              <ns3:ConsumableResponse>
                <ns3:Number>3</ns3:Number>
                <ns3:CodeSet>NSC</ns3:CodeSet>
                <ns3:Code>2309</ns3:Code>
                <ns3:Quantity>100</ns3:Quantity>
                <ns3:BenefitCode>Unkno</ns3:BenefitCode>
                <ns3:Identifier>793450</ns3:Identifier>
                <ns3:TotalValues>
                  <ns3:GrossAmount>0</ns3:GrossAmount>
                  <ns3:NettAmount>0</ns3:NettAmount>
                </ns3:TotalValues>
              </ns3:ConsumableResponse>
              <ns3:ConsumableResponse>
                <ns3:Number>4</ns3:Number>
                <ns3:CodeSet>NSC</ns3:CodeSet>
                <ns3:Code>20263</ns3:Code>
                <ns3:Quantity>200</ns3:Quantity>
                <ns3:BenefitCode>Unkno</ns3:BenefitCode>
                <ns3:Identifier>793450</ns3:Identifier>
                <ns3:TotalValues>
                  <ns3:GrossAmount>0</ns3:GrossAmount>
                  <ns3:NettAmount>0</ns3:NettAmount>
                </ns3:TotalValues>
              </ns3:ConsumableResponse>
              <ns3:ConsumableResponse>
                <ns3:Number>5</ns3:Number>
                <ns3:CodeSet>NSC</ns3:CodeSet>
                <ns3:Code>20305</ns3:Code>
                <ns3:Quantity>100</ns3:Quantity>
                <ns3:BenefitCode>Unkno</ns3:BenefitCode>
                <ns3:Identifier>793450</ns3:Identifier>
                <ns3:TotalValues>
                  <ns3:GrossAmount>0</ns3:GrossAmount>
                  <ns3:NettAmount>0</ns3:NettAmount>
                </ns3:TotalValues>
              </ns3:ConsumableResponse>
              <ns3:ConsumableResponse>
                <ns3:Number>6</ns3:Number>
                <ns3:CodeSet>NSC</ns3:CodeSet>
                <ns3:Code>4664</ns3:Code>
                <ns3:Quantity>200</ns3:Quantity>
                <ns3:BenefitCode>Unkno</ns3:BenefitCode>
                <ns3:Identifier>793450</ns3:Identifier>
                <ns3:TotalValues>
                  <ns3:GrossAmount>0</ns3:GrossAmount>
                  <ns3:NettAmount>0</ns3:NettAmount>
                </ns3:TotalValues>
              </ns3:ConsumableResponse>
              <ns3:ConsumableResponse>
                <ns3:Number>7</ns3:Number>
                <ns3:CodeSet>NSC</ns3:CodeSet>
                <ns3:Code>13058</ns3:Code>
                <ns3:Quantity>100</ns3:Quantity>
                <ns3:BenefitCode>Unkno</ns3:BenefitCode>
                <ns3:Identifier>793450</ns3:Identifier>
                <ns3:TotalValues>
                  <ns3:GrossAmount>0</ns3:GrossAmount>
                  <ns3:NettAmount>0</ns3:NettAmount>
                </ns3:TotalValues>
              </ns3:ConsumableResponse>
              <ns3:ConsumableResponse>
                <ns3:Number>8</ns3:Number>
                <ns3:CodeSet>NSC</ns3:CodeSet>
                <ns3:Code>2484</ns3:Code>
                <ns3:Quantity>100</ns3:Quantity>
                <ns3:BenefitCode>Unkno</ns3:BenefitCode>
                <ns3:Identifier>793450</ns3:Identifier>
                <ns3:TotalValues>
                  <ns3:GrossAmount>0</ns3:GrossAmount>
                  <ns3:NettAmount>0</ns3:NettAmount>
                </ns3:TotalValues>
              </ns3:ConsumableResponse>
              <ns3:TotalValues>
                <ns3:GrossAmount>0</ns3:GrossAmount>
                <ns3:NettAmount>0</ns3:NettAmount>
              </ns3:TotalValues>
            </ns3:ServiceResponse>
            <ns3:ServiceResponse>
              <ns3:Number>5</ns3:Number>
              <ns3:BenefitCode>A223</ns3:BenefitCode>
              <ns3:BenefitDescription>02569</ns3:BenefitDescription>
              <ns3:Identifier>2569</ns3:Identifier>
              <ns3:SubTotalValues>
                <ns3:GrossAmount>0</ns3:GrossAmount>
                <ns3:NettAmount>0</ns3:NettAmount>
              </ns3:SubTotalValues>
              <ns3:ConsumableResponse>
                <ns3:Number>1</ns3:Number>
                <ns3:CodeSet>NSC</ns3:CodeSet>
                <ns3:Code>4017</ns3:Code>
                <ns3:Quantity>100</ns3:Quantity>
                <ns3:BenefitCode>Unkno</ns3:BenefitCode>
                <ns3:Identifier>793450</ns3:Identifier>
                <ns3:TotalValues>
                  <ns3:GrossAmount>0</ns3:GrossAmount>
                  <ns3:NettAmount>0</ns3:NettAmount>
                </ns3:TotalValues>
              </ns3:ConsumableResponse>
              <ns3:ConsumableResponse>
                <ns3:Number>2</ns3:Number>
                <ns3:CodeSet>NSC</ns3:CodeSet>
                <ns3:Code>610235</ns3:Code>
                <ns3:Quantity>200</ns3:Quantity>
                <ns3:BenefitCode>Unkno</ns3:BenefitCode>
                <ns3:Identifier>793450</ns3:Identifier>
                <ns3:TotalValues>
                  <ns3:GrossAmount>0</ns3:GrossAmount>
                  <ns3:NettAmount>0</ns3:NettAmount>
                </ns3:TotalValues>
              </ns3:ConsumableResponse>
              <ns3:ConsumableResponse>
                <ns3:Number>3</ns3:Number>
                <ns3:CodeSet>NSC</ns3:CodeSet>
                <ns3:Code>35018</ns3:Code>
                <ns3:Quantity>100</ns3:Quantity>
                <ns3:BenefitCode>Unkno</ns3:BenefitCode>
                <ns3:Identifier>793450</ns3:Identifier>
                <ns3:TotalValues>
                  <ns3:GrossAmount>0</ns3:GrossAmount>
                  <ns3:NettAmount>0</ns3:NettAmount>
                </ns3:TotalValues>
              </ns3:ConsumableResponse>
              <ns3:ConsumableResponse>
                <ns3:Number>4</ns3:Number>
                <ns3:CodeSet>NSC</ns3:CodeSet>
                <ns3:Code>605280</ns3:Code>
                <ns3:Quantity>400</ns3:Quantity>
                <ns3:BenefitCode>Unkno</ns3:BenefitCode>
                <ns3:Identifier>793450</ns3:Identifier>
                <ns3:TotalValues>
                  <ns3:GrossAmount>0</ns3:GrossAmount>
                  <ns3:NettAmount>0</ns3:NettAmount>
                </ns3:TotalValues>
              </ns3:ConsumableResponse>
              <ns3:ConsumableResponse>
                <ns3:Number>5</ns3:Number>
                <ns3:CodeSet>NSC</ns3:CodeSet>
                <ns3:Code>605290</ns3:Code>
                <ns3:Quantity>400</ns3:Quantity>
                <ns3:BenefitCode>Unkno</ns3:BenefitCode>
                <ns3:Identifier>793450</ns3:Identifier>
                <ns3:TotalValues>
                  <ns3:GrossAmount>0</ns3:GrossAmount>
                  <ns3:NettAmount>0</ns3:NettAmount>
                </ns3:TotalValues>
              </ns3:ConsumableResponse>
              <ns3:ConsumableResponse>
                <ns3:Number>6</ns3:Number>
                <ns3:CodeSet>NSC</ns3:CodeSet>
                <ns3:Code>606190</ns3:Code>
                <ns3:Quantity>500</ns3:Quantity>
                <ns3:BenefitCode>Unkno</ns3:BenefitCode>
                <ns3:Identifier>793450</ns3:Identifier>
                <ns3:TotalValues>
                  <ns3:GrossAmount>0</ns3:GrossAmount>
                  <ns3:NettAmount>0</ns3:NettAmount>
                </ns3:TotalValues>
              </ns3:ConsumableResponse>
              <ns3:ConsumableResponse>
                <ns3:Number>7</ns3:Number>
                <ns3:CodeSet>NSC</ns3:CodeSet>
                <ns3:Code>605275</ns3:Code>
                <ns3:Quantity>200</ns3:Quantity>
                <ns3:BenefitCode>Unkno</ns3:BenefitCode>
                <ns3:Identifier>793450</ns3:Identifier>
                <ns3:TotalValues>
                  <ns3:GrossAmount>0</ns3:GrossAmount>
                  <ns3:NettAmount>0</ns3:NettAmount>
                </ns3:TotalValues>
              </ns3:ConsumableResponse>
              <ns3:ConsumableResponse>
                <ns3:Number>8</ns3:Number>
                <ns3:CodeSet>NSC</ns3:CodeSet>
                <ns3:Code>607805</ns3:Code>
                <ns3:Quantity>400</ns3:Quantity>
                <ns3:BenefitCode>Unkno</ns3:BenefitCode>
                <ns3:Identifier>793450</ns3:Identifier>
                <ns3:TotalValues>
                  <ns3:GrossAmount>0</ns3:GrossAmount>
                  <ns3:NettAmount>0</ns3:NettAmount>
                </ns3:TotalValues>
              </ns3:ConsumableResponse>
              <ns3:ConsumableResponse>
                <ns3:Number>9</ns3:Number>
                <ns3:CodeSet>NSC</ns3:CodeSet>
                <ns3:Code>607815</ns3:Code>
                <ns3:Quantity>400</ns3:Quantity>
                <ns3:BenefitCode>Unkno</ns3:BenefitCode>
                <ns3:Identifier>793450</ns3:Identifier>
                <ns3:TotalValues>
                  <ns3:GrossAmount>0</ns3:GrossAmount>
                  <ns3:NettAmount>0</ns3:NettAmount>
                </ns3:TotalValues>
              </ns3:ConsumableResponse>
              <ns3:ConsumableResponse>
                <ns3:Number>10</ns3:Number>
                <ns3:CodeSet>NSC</ns3:CodeSet>
                <ns3:Code>607810</ns3:Code>
                <ns3:Quantity>400</ns3:Quantity>
                <ns3:BenefitCode>Unkno</ns3:BenefitCode>
                <ns3:Identifier>793450</ns3:Identifier>
                <ns3:TotalValues>
                  <ns3:GrossAmount>0</ns3:GrossAmount>
                  <ns3:NettAmount>0</ns3:NettAmount>
                </ns3:TotalValues>
              </ns3:ConsumableResponse>
              <ns3:ConsumableResponse>
                <ns3:Number>11</ns3:Number>
                <ns3:CodeSet>NSC</ns3:CodeSet>
                <ns3:Code>608390</ns3:Code>
                <ns3:Quantity>10000</ns3:Quantity>
                <ns3:BenefitCode>Unkno</ns3:BenefitCode>
                <ns3:Identifier>793450</ns3:Identifier>
                <ns3:TotalValues>
                  <ns3:GrossAmount>0</ns3:GrossAmount>
                  <ns3:NettAmount>0</ns3:NettAmount>
                </ns3:TotalValues>
              </ns3:ConsumableResponse>
              <ns3:ConsumableResponse>
                <ns3:Number>12</ns3:Number>
                <ns3:CodeSet>NSC</ns3:CodeSet>
                <ns3:Code>604580</ns3:Code>
                <ns3:Quantity>10000</ns3:Quantity>
                <ns3:BenefitCode>Unkno</ns3:BenefitCode>
                <ns3:Identifier>793450</ns3:Identifier>
                <ns3:TotalValues>
                  <ns3:GrossAmount>0</ns3:GrossAmount>
                  <ns3:NettAmount>0</ns3:NettAmount>
                </ns3:TotalValues>
              </ns3:ConsumableResponse>
              <ns3:ConsumableResponse>
                <ns3:Number>13</ns3:Number>
                <ns3:CodeSet>NSC</ns3:CodeSet>
                <ns3:Code>610245</ns3:Code>
                <ns3:Quantity>200</ns3:Quantity>
                <ns3:BenefitCode>Unkno</ns3:BenefitCode>
                <ns3:Identifier>793450</ns3:Identifier>
                <ns3:TotalValues>
                  <ns3:GrossAmount>0</ns3:GrossAmount>
                  <ns3:NettAmount>0</ns3:NettAmount>
                </ns3:TotalValues>
              </ns3:ConsumableResponse>
              <ns3:ConsumableResponse>
                <ns3:Number>14</ns3:Number>
                <ns3:CodeSet>NSC</ns3:CodeSet>
                <ns3:Code>607030</ns3:Code>
                <ns3:Quantity>100</ns3:Quantity>
                <ns3:BenefitCode>Unkno</ns3:BenefitCode>
                <ns3:Identifier>793450</ns3:Identifier>
                <ns3:TotalValues>
                  <ns3:GrossAmount>0</ns3:GrossAmount>
                  <ns3:NettAmount>0</ns3:NettAmount>
                </ns3:TotalValues>
              </ns3:ConsumableResponse>
              <ns3:ConsumableResponse>
                <ns3:Number>15</ns3:Number>
                <ns3:CodeSet>NSC</ns3:CodeSet>
                <ns3:Code>611060</ns3:Code>
                <ns3:Quantity>100</ns3:Quantity>
                <ns3:BenefitCode>Unkno</ns3:BenefitCode>
                <ns3:Identifier>793450</ns3:Identifier>
                <ns3:TotalValues>
                  <ns3:GrossAmount>0</ns3:GrossAmount>
                  <ns3:NettAmount>0</ns3:NettAmount>
                </ns3:TotalValues>
              </ns3:ConsumableResponse>
              <ns3:ConsumableResponse>
                <ns3:Number>16</ns3:Number>
                <ns3:CodeSet>NSC</ns3:CodeSet>
                <ns3:Code>35081</ns3:Code>
                <ns3:Quantity>200</ns3:Quantity>
                <ns3:BenefitCode>Unkno</ns3:BenefitCode>
                <ns3:Identifier>793450</ns3:Identifier>
                <ns3:TotalValues>
                  <ns3:GrossAmount>0</ns3:GrossAmount>
                  <ns3:NettAmount>0</ns3:NettAmount>
                </ns3:TotalValues>
              </ns3:ConsumableResponse>
              <ns3:ConsumableResponse>
                <ns3:Number>17</ns3:Number>
                <ns3:CodeSet>NSC</ns3:CodeSet>
                <ns3:Code>35094</ns3:Code>
                <ns3:Quantity>300</ns3:Quantity>
                <ns3:BenefitCode>Unkno</ns3:BenefitCode>
                <ns3:Identifier>793450</ns3:Identifier>
                <ns3:TotalValues>
                  <ns3:GrossAmount>0</ns3:GrossAmount>
                  <ns3:NettAmount>0</ns3:NettAmount>
                </ns3:TotalValues>
              </ns3:ConsumableResponse>
              <ns3:ConsumableResponse>
                <ns3:Number>18</ns3:Number>
                <ns3:CodeSet>NSC</ns3:CodeSet>
                <ns3:Code>607370</ns3:Code>
                <ns3:Quantity>100</ns3:Quantity>
                <ns3:BenefitCode>Unkno</ns3:BenefitCode>
                <ns3:Identifier>793450</ns3:Identifier>
                <ns3:TotalValues>
                  <ns3:GrossAmount>0</ns3:GrossAmount>
                  <ns3:NettAmount>0</ns3:NettAmount>
                </ns3:TotalValues>
              </ns3:ConsumableResponse>
              <ns3:ConsumableResponse>
                <ns3:Number>19</ns3:Number>
                <ns3:CodeSet>NSC</ns3:CodeSet>
                <ns3:Code>13290</ns3:Code>
                <ns3:Quantity>100</ns3:Quantity>
                <ns3:BenefitCode>Unkno</ns3:BenefitCode>
                <ns3:Identifier>793450</ns3:Identifier>
                <ns3:TotalValues>
                  <ns3:GrossAmount>0</ns3:GrossAmount>
                  <ns3:NettAmount>0</ns3:NettAmount>
                </ns3:TotalValues>
              </ns3:ConsumableResponse>
              <ns3:ConsumableResponse>
                <ns3:Number>20</ns3:Number>
                <ns3:CodeSet>NSC</ns3:CodeSet>
                <ns3:Code>609850</ns3:Code>
                <ns3:Quantity>100</ns3:Quantity>
                <ns3:BenefitCode>Unkno</ns3:BenefitCode>
                <ns3:Identifier>793450</ns3:Identifier>
                <ns3:TotalValues>
                  <ns3:GrossAmount>0</ns3:GrossAmount>
                  <ns3:NettAmount>0</ns3:NettAmount>
                </ns3:TotalValues>
              </ns3:ConsumableResponse>
              <ns3:ConsumableResponse>
                <ns3:Number>21</ns3:Number>
                <ns3:CodeSet>NSC</ns3:CodeSet>
                <ns3:Code>LUBR680PP</ns3:Code>
                <ns3:Quantity>1000</ns3:Quantity>
                <ns3:BenefitCode>Unkno</ns3:BenefitCode>
                <ns3:Identifier>793450</ns3:Identifier>
                <ns3:TotalValues>
                  <ns3:GrossAmount>0</ns3:GrossAmount>
                  <ns3:NettAmount>0</ns3:NettAmount>
                </ns3:TotalValues>
              </ns3:ConsumableResponse>
              <ns3:ConsumableResponse>
                <ns3:Number>22</ns3:Number>
                <ns3:CodeSet>NSC</ns3:CodeSet>
                <ns3:Code>608900</ns3:Code>
                <ns3:Quantity>100</ns3:Quantity>
                <ns3:BenefitCode>Unkno</ns3:BenefitCode>
                <ns3:Identifier>793450</ns3:Identifier>
                <ns3:TotalValues>
                  <ns3:GrossAmount>0</ns3:GrossAmount>
                  <ns3:NettAmount>0</ns3:NettAmount>
                </ns3:TotalValues>
              </ns3:ConsumableResponse>
              <ns3:ConsumableResponse>
                <ns3:Number>23</ns3:Number>
                <ns3:CodeSet>NSC</ns3:CodeSet>
                <ns3:Code>609890</ns3:Code>
                <ns3:Quantity>600</ns3:Quantity>
                <ns3:BenefitCode>Unkno</ns3:BenefitCode>
                <ns3:Identifier>793450</ns3:Identifier>
                <ns3:TotalValues>
                  <ns3:GrossAmount>0</ns3:GrossAmount>
                  <ns3:NettAmount>0</ns3:NettAmount>
                </ns3:TotalValues>
              </ns3:ConsumableResponse>
              <ns3:ConsumableResponse>
                <ns3:Number>24</ns3:Number>
                <ns3:CodeSet>NSC</ns3:CodeSet>
                <ns3:Code>611146</ns3:Code>
                <ns3:Quantity>100</ns3:Quantity>
                <ns3:BenefitCode>Unkno</ns3:BenefitCode>
                <ns3:Identifier>793450</ns3:Identifier>
                <ns3:TotalValues>
                  <ns3:GrossAmount>0</ns3:GrossAmount>
                  <ns3:NettAmount>0</ns3:NettAmount>
                </ns3:TotalValues>
              </ns3:ConsumableResponse>
              <ns3:ConsumableResponse>
                <ns3:Number>25</ns3:Number>
                <ns3:CodeSet>NSC</ns3:CodeSet>
                <ns3:Code>607830</ns3:Code>
                <ns3:Quantity>100</ns3:Quantity>
                <ns3:BenefitCode>Unkno</ns3:BenefitCode>
                <ns3:Identifier>793450</ns3:Identifier>
                <ns3:TotalValues>
                  <ns3:GrossAmount>0</ns3:GrossAmount>
                  <ns3:NettAmount>0</ns3:NettAmount>
                </ns3:TotalValues>
              </ns3:ConsumableResponse>
              <ns3:ConsumableResponse>
                <ns3:Number>26</ns3:Number>
                <ns3:CodeSet>NSC</ns3:CodeSet>
                <ns3:Code>610320</ns3:Code>
                <ns3:Quantity>100</ns3:Quantity>
                <ns3:BenefitCode>Unkno</ns3:BenefitCode>
                <ns3:Identifier>793450</ns3:Identifier>
                <ns3:TotalValues>
                  <ns3:GrossAmount>0</ns3:GrossAmount>
                  <ns3:NettAmount>0</ns3:NettAmount>
                </ns3:TotalValues>
              </ns3:ConsumableResponse>
              <ns3:ConsumableResponse>
                <ns3:Number>27</ns3:Number>
                <ns3:CodeSet>NSC</ns3:CodeSet>
                <ns3:Code>605320</ns3:Code>
                <ns3:Quantity>100</ns3:Quantity>
                <ns3:BenefitCode>Unkno</ns3:BenefitCode>
                <ns3:Identifier>793450</ns3:Identifier>
                <ns3:TotalValues>
                  <ns3:GrossAmount>0</ns3:GrossAmount>
                  <ns3:NettAmount>0</ns3:NettAmount>
                </ns3:TotalValues>
              </ns3:ConsumableResponse>
              <ns3:ConsumableResponse>
                <ns3:Number>28</ns3:Number>
                <ns3:CodeSet>NSC</ns3:CodeSet>
                <ns3:Code>605330</ns3:Code>
                <ns3:Quantity>100</ns3:Quantity>
                <ns3:BenefitCode>Unkno</ns3:BenefitCode>
                <ns3:Identifier>793450</ns3:Identifier>
                <ns3:TotalValues>
                  <ns3:GrossAmount>0</ns3:GrossAmount>
                  <ns3:NettAmount>0</ns3:NettAmount>
                </ns3:TotalValues>
              </ns3:ConsumableResponse>
              <ns3:ConsumableResponse>
                <ns3:Number>29</ns3:Number>
                <ns3:CodeSet>NSC</ns3:CodeSet>
                <ns3:Code>605335</ns3:Code>
                <ns3:Quantity>200</ns3:Quantity>
                <ns3:BenefitCode>Unkno</ns3:BenefitCode>
                <ns3:Identifier>793450</ns3:Identifier>
                <ns3:TotalValues>
                  <ns3:GrossAmount>0</ns3:GrossAmount>
                  <ns3:NettAmount>0</ns3:NettAmount>
                </ns3:TotalValues>
              </ns3:ConsumableResponse>
              <ns3:TotalValues>
                <ns3:GrossAmount>0</ns3:GrossAmount>
                <ns3:NettAmount>0</ns3:NettAmount>
              </ns3:TotalValues>
            </ns3:ServiceResponse>
            <ns3:ServiceResponse>
              <ns3:Number>6</ns3:Number>
              <ns3:BenefitCode>A223</ns3:BenefitCode>
              <ns3:BenefitDescription>02303</ns3:BenefitDescription>
              <ns3:Identifier>2303</ns3:Identifier>
              <ns3:SubTotalValues>
                <ns3:GrossAmount>0</ns3:GrossAmount>
                <ns3:NettAmount>0</ns3:NettAmount>
              </ns3:SubTotalValues>
              <ns3:TotalValues>
                <ns3:GrossAmount>0</ns3:GrossAmount>
                <ns3:NettAmount>0</ns3:NettAmount>
              </ns3:TotalValues>
            </ns3:ServiceResponse>
            <ns3:ServiceResponse>
              <ns3:Number>7</ns3:Number>
              <ns3:BenefitCode>A223</ns3:BenefitCode>
              <ns3:BenefitDescription>02316</ns3:BenefitDescription>
              <ns3:Identifier>2316</ns3:Identifier>
              <ns3:SubTotalValues>
                <ns3:GrossAmount>0</ns3:GrossAmount>
                <ns3:NettAmount>0</ns3:NettAmount>
              </ns3:SubTotalValues>
              <ns3:TotalValues>
                <ns3:GrossAmount>0</ns3:GrossAmount>
                <ns3:NettAmount>0</ns3:NettAmount>
              </ns3:TotalValues>
            </ns3:ServiceResponse>
            <ns3:ServiceResponse>
              <ns3:Number>8</ns3:Number>
              <ns3:BenefitCode>A223</ns3:BenefitCode>
              <ns3:BenefitDescription>02306</ns3:BenefitDescription>
              <ns3:Identifier>2306</ns3:Identifier>
              <ns3:SubTotalValues>
                <ns3:GrossAmount>0</ns3:GrossAmount>
                <ns3:NettAmount>0</ns3:NettAmount>
              </ns3:SubTotalValues>
              <ns3:TotalValues>
                <ns3:GrossAmount>0</ns3:GrossAmount>
                <ns3:NettAmount>0</ns3:NettAmount>
              </ns3:TotalValues>
            </ns3:ServiceResponse>
            <ns3:ServiceResponse>
              <ns3:Number>9</ns3:Number>
              <ns3:BenefitCode>A223</ns3:BenefitCode>
              <ns3:BenefitDescription>02364</ns3:BenefitDescription>
              <ns3:Identifier>2364</ns3:Identifier>
              <ns3:SubTotalValues>
                <ns3:GrossAmount>0</ns3:GrossAmount>
                <ns3:NettAmount>0</ns3:NettAmount>
              </ns3:SubTotalValues>
              <ns3:TotalValues>
                <ns3:GrossAmount>0</ns3:GrossAmount>
                <ns3:NettAmount>0</ns3:NettAmount>
              </ns3:TotalValues>
            </ns3:ServiceResponse>
            <ns3:ServiceResponse>
              <ns3:Number>10</ns3:Number>
              <ns3:BenefitCode>A223</ns3:BenefitCode>
              <ns3:BenefitDescription>02361</ns3:BenefitDescription>
              <ns3:Identifier>2361</ns3:Identifier>
              <ns3:SubTotalValues>
                <ns3:GrossAmount>0</ns3:GrossAmount>
                <ns3:NettAmount>0</ns3:NettAmount>
              </ns3:SubTotalValues>
              <ns3:TotalValues>
                <ns3:GrossAmount>0</ns3:GrossAmount>
                <ns3:NettAmount>0</ns3:NettAmount>
              </ns3:TotalValues>
            </ns3:ServiceResponse>
          </ns3:Response>
        </ns3:Claim>
      </ns2:ZMF2_1Response>
    </ns2:processZMFResponse>
  </soap:Body>
</soap:Envelope>
